"baseMean","log2FoldChange","lfcSE","stat","pvalue","padj","Gene","Significance","Label"
1607.03165778505,-6.5727978196805,0.981138087898395,-6.69915672498198,2.09625677884092e-11,2.14181542616773e-07,"ALB","Down-regulated","ALB"
101.269567836737,-5.00064504145319,0.746211165174542,-6.70138062097144,2.06459487525909e-11,2.14181542616773e-07,"GPR158","Down-regulated","GPR158"
120.080089395899,3.41914849771227,0.499265074957395,6.84836306245543,7.46997904788224e-12,2.14181542616773e-07,"GFAP","Up-regulated","GFAP"
113.652412538955,-6.07044301678208,1.01467671347709,-5.98263755948423,2.19552950529413e-09,1.51582798392281e-05,"MDGA2","Down-regulated","MDGA2"
10952.200491892,-3.8179289541699,0.640242588306358,-5.96325365400873,2.47264123698749e-09,1.51582798392281e-05,"SLC7A5","Down-regulated","SLC7A5"
354.868045400121,5.5897863121692,1.0040915340179,5.56700870666791,2.59149451307146e-08,6.61954081788886e-05,"CXCL13","Up-regulated","CXCL13"
16.5264503557481,-5.88889621726399,1.03671053449865,-5.68036691178393,1.34406100980809e-08,6.61954081788886e-05,"H3C8","Down-regulated","H3C8"
296.487268297993,4.81193550189259,0.857950746064143,5.60863840257426,2.03924585454682e-08,6.61954081788886e-05,"LEP","Up-regulated","LEP"
330.758593249945,-4.35706658557593,0.772870471211156,-5.63751203839891,1.72524547774683e-08,6.61954081788886e-05,"PSAT1","Down-regulated","PSAT1"
9.51530142054672,-5.86967254437966,1.04939361101734,-5.59339458784133,2.22672439228285e-08,6.61954081788886e-05,"LINC02253","Down-regulated","LINC02253"
160.140859461448,-4.12288398078014,0.736072265688452,-5.60119457418218,2.12879615433126e-08,6.61954081788886e-05,"PPM1E","Down-regulated","PPM1E"
280.37687247348,-4.95961642801975,0.890031798044039,-5.57240363649833,2.51248470700945e-08,6.61954081788886e-05,"ELFN2","Down-regulated","ELFN2"
16.2175857374345,4.13801104441151,0.751837620867039,5.5038627085985,3.71558937891745e-08,8.76078812635213e-05,"PDZRN4","Up-regulated","PDZRN4"
624.448847960313,-3.12016990442247,0.576053847629723,-5.41645527976416,6.07921866654677e-08,0.000133100150404994,"LRP8","Down-regulated","LRP8"
18.2664298966056,-3.82759930001469,0.709231604292989,-5.39682563050797,6.78302501195578e-08,0.000138608855110979,"ENSG00000260466","Down-regulated","ENSG00000260466"
21.2906048441629,-3.20770857594113,0.603910357708345,-5.31156410052877,1.08688326877884e-07,0.000208219662216307,"ENSG00000286836","Down-regulated","ENSG00000286836"
137.206772512731,4.8392619055888,0.920198312027932,5.25893369106931,1.44893120923532e-07,0.000246736885697116,"NTNG1","Up-regulated","NTNG1"
21.7951144432477,-2.64376088811334,0.502277490698628,-5.26354642019908,1.41302809014564e-07,0.000246736885697116,"NQO1-DT","Down-regulated","NQO1-DT"
8.24072946564751,-3.63902666112495,0.693531705936845,-5.24709487680774,1.54516336328523e-07,0.000249275512691679,"H1-5","Down-regulated","H1-5"
1119.873583793,-4.19399263330921,0.801668285950366,-5.23158107512921,1.68066292155063e-07,0.000257578399356849,"ABCA12","Down-regulated","ABCA12"
25.6208980369089,-3.56053928963173,0.686832931248017,-5.18399617671508,2.17181386613461e-07,0.000317002088689324,"OR2B6","Down-regulated",""
560.952043002723,2.96855745939187,0.579758960285766,5.12033045238086,3.05000726579569e-07,0.00042494919414168,"CHAD","Up-regulated",""
40.3194369337732,3.3798804575647,0.669589920963904,5.04768717650233,4.47190573359863e-07,0.000595968932809848,"AQP5","Up-regulated",""
2277.66455993196,-5.82390286455432,1.16319903008423,-5.00679824684223,5.5342881565368e-07,0.000706820835725692,"DSCAM-AS1","Down-regulated",""
54.287529075024,-5.42050745213013,1.08603435559105,-4.99110127062245,6.00360087413399e-07,0.000707778361515212,"LINC01446","Down-regulated",""
61.7366751492264,-2.01514333938377,0.40352071284559,-4.99390310146206,5.9171093726803e-07,0.000707778361515212,"ENSG00000278341","Down-regulated",""
54.2828797104016,-3.38804315430296,0.680092617714979,-4.98173787812362,6.30157571595708e-07,0.000715392217946357,"ENSG00000217275","Down-regulated",""
13.8243528921066,-3.88048944137898,0.78281441960475,-4.95710010469439,7.15531147578018e-07,0.000783302169127193,"ENSG00000286428","Down-regulated",""
271.47332064959,-3.38363490443109,0.688564188554719,-4.91404426874604,8.92165912028654e-07,0.000854583422984447,"KYNU","Down-regulated",""
15.5641977571191,-3.76528980092649,0.765451051616585,-4.91904713302625,8.69665285359614e-07,0.000854583422984447,"OR2W6P","Down-regulated",""
6.28761712445759,-4.6776128331931,0.949633922631768,-4.92570107460967,8.405841978743e-07,0.000854583422984447,"MIR6775","Down-regulated",""
25.2515674301722,3.08979450478032,0.628562577444456,4.91565138564641,8.8487740342759e-07,0.000854583422984447,"PLP1","Up-regulated",""
64.9869883173711,-3.60670321102383,0.738388943627272,-4.88455744381303,1.03661418909957e-06,0.00096285751891758,"METTL7B","Down-regulated",""
30.8679337543788,-4.14380563311729,0.852121535543928,-4.86292795131883,1.15661956310692e-06,0.00101939388879326,"SPDYC","Down-regulated",""
25.5545111243255,-3.12819446617116,0.64344030893646,-4.86167003018779,1.16399537086534e-06,0.00101939388879326,"ENSG00000270124","Down-regulated",""
1831.14789253362,3.83524243626317,0.794522720104395,4.82710228319115,1.38533980318529e-06,0.00117953987908988,"CYP4B1","Up-regulated",""
4609.544328149,3.26253257926887,0.67740092774551,4.81625053294074,1.46280843141263e-06,0.0011885092251012,"CITED4","Up-regulated",""
31.6267268082723,-4.64394034245347,0.964512262614223,-4.81480694695005,1.4734226332326e-06,0.0011885092251012,"LCAL1","Down-regulated",""
201.698311452053,2.1977420324986,0.458565305021299,4.79264787028867,1.64594372426473e-06,0.00129362735990161,"OGN","Up-regulated",""
122.168328860328,-3.5200573168061,0.736802736069689,-4.77747590295751,1.7750931472542e-06,0.00136025387874089,"TRPV3","Down-regulated",""
9.8665305295816,3.64778236283981,0.765514052750849,4.76514095297352,1.88721674594771e-06,0.0014109016511412,"SNRPF-DT","Up-regulated",""
16.0392455889385,2.38327501873661,0.502342227176697,4.7443254614116,2.09202266983555e-06,0.00149127160176277,"PTGFR","Up-regulated",""
61.0404286953792,3.57596269376321,0.753262104990938,4.74730199497588,2.06148037102188e-06,0.00149127160176277,"ENSG00000286481","Up-regulated",""
2147.44176977086,4.24207547389699,0.896519783589552,4.73171429292085,2.22631620526599e-06,0.00155093282554121,"MRPS30-DT","Up-regulated",""
21.7947573991536,-4.18803703907275,0.899718877332025,-4.65482846318809,3.24250544247835e-06,0.00216063645267057,"ZIC5","Down-regulated",""
5.57775420921674,-5.38805740169535,1.16373034175212,-4.62998790044699,3.65687100409048e-06,0.00233521687536211,"ENSG00000287064","Down-regulated",""
73.073996812616,2.51392638152383,0.543731908773385,4.62346671394557,3.7737932225497e-06,0.00236070020117538,"RANBP3L","Up-regulated",""
241.085705962557,-2.83781897394662,0.61577145476592,-4.6085588280889,4.05469656201773e-06,0.00248569118037935,"B4GALNT1","Down-regulated",""
6.89687315234104,-5.10435783427454,1.11128120128548,-4.59321891558143,4.36460776827795e-06,0.0025727684098703,"MIR4429","Down-regulated",""
58.2235898928761,-3.75405660697091,0.821456927899681,-4.5699981088106,4.87728616031343e-06,0.00282072783747033,"EREG","Down-regulated",""
15.013960387317,-5.75439977258531,1.26261781832491,-4.55751510003206,5.17623701303463e-06,0.00293818549858403,"LINC00858","Down-regulated",""
56.2599439531917,-2.49094583218569,0.547434190153276,-4.55021969213916,5.35899338031759e-06,0.00298661572897263,"RNF32-AS1","Down-regulated",""
56.3843713103143,-2.57147134829661,0.566682335570931,-4.53776514086302,5.68535263024049e-06,0.00311191837182378,"DNAH3","Down-regulated",""
13.2132374663554,-2.45148105753461,0.541310255155886,-4.5287910845669,5.93221164045499e-06,0.00319007282812678,"H2BC7","Down-regulated",""
1533.00235170672,3.34019708023567,0.74215740432162,4.5006585675566,6.77432466900839e-06,0.00351943389414314,"ZBTB16","Up-regulated",""
62.7625430202676,2.4953218327554,0.555468208735394,4.49228559531133,7.04628431148292e-06,0.00359971177859291,"PGAM1P5","Up-regulated",""
75.51880974784,-3.19513387244401,0.713363995950049,-4.4789671059706,7.50050895617925e-06,0.00366945649200202,"ERFE","Down-regulated",""
1439.08688621425,-2.94669881613153,0.657412333479187,-4.48226883809265,7.38536232375833e-06,0.00366945649200202,"RIPOR3","Down-regulated",""
1105.0219077376,-2.88102893107059,0.645986375890142,-4.45989116581701,8.20012827717516e-06,0.00386692818387651,"OSGIN1","Down-regulated",""
59.0964058898245,-3.30718713649892,0.742819775605093,-4.45220663895886,8.49923142764455e-06,0.00394724911697213,"ABCC13","Down-regulated",""
132.411672112332,-2.99261074887031,0.675762209285802,-4.42849675188724,9.48921476194447e-06,0.00434124493855406,"PTPRH","Down-regulated",""
77.9093010283942,-3.72498582403037,0.84332624609594,-4.41701635787415,1.00072659582002e-05,0.00444554661088048,"PADI3","Down-regulated",""
311.501025798203,3.99694895576536,0.904332909288382,4.41977607440003,9.8803226635275e-06,0.00444554661088048,"DES","Up-regulated",""
27.7502493548286,3.78044452339797,0.858583959206522,4.40311571496367,1.06707213378742e-05,0.00460674578096507,"ENSG00000290007","Up-regulated",""
51.2929021458857,-4.65461714658091,1.06275556503945,-4.37976266575291,1.1880863516358e-05,0.00498866066443021,"UGT3A2","Down-regulated",""
26.8438907964616,-3.28413591677801,0.749399305473921,-4.38235783351989,1.17401774371093e-05,0.00498866066443021,"ULBP2","Down-regulated",""
7.00591753850179,-3.0886688112243,0.706626990224548,-4.37100316567698,1.2367699957149e-05,0.00505459652115376,"H2AC16","Down-regulated",""
1624.85346030508,-2.76426449581559,0.632353311076402,-4.37139245955748,1.23456653687787e-05,0.00505459652115376,"CBX2","Down-regulated",""
14.6990233488023,-4.10542209878737,0.940117966847193,-4.36692228375917,1.26009537808697e-05,0.00508216362225286,"AACSP1","Down-regulated",""
102.176039919354,-2.00406525581401,0.460856330118113,-4.34856836033995,1.37029107191398e-05,0.00508245107423728,"CHD5","Down-regulated",""
99.5204714442754,-3.31452370474802,0.762066834437777,-4.34938715997705,1.36518507882577e-05,0.00508245107423728,"TCHH","Down-regulated",""
85.8022591735908,-3.02678557201803,0.695515415920269,-4.35185979021493,1.3498758042517e-05,0.00508245107423728,"OGDHL","Down-regulated",""
70.7773679242526,-3.43167050469971,0.787152794961279,-4.35959895799966,1.30301020409795e-05,0.00508245107423728,"ZIC2","Down-regulated",""
222.117393534954,2.27939425724308,0.524285662265755,4.34761890567909,1.37623463122046e-05,0.00508245107423728,"NAGS","Up-regulated",""
768.919324522669,3.16756427686191,0.727951723755135,4.35133838343297,1.35309040202005e-05,0.00508245107423728,"COLEC12","Up-regulated",""
431.422917797744,3.09158148636812,0.710498903608839,4.35128255746074,1.35343501497677e-05,0.00508245107423728,"SIGLEC15","Up-regulated",""
210.475210950632,2.949238687756,0.683288438800043,4.31624262944548,1.58707529373042e-05,0.00555559227510079,"C7","Up-regulated",""
41.009631153591,-3.46384807624715,0.802360533056384,-4.31707185677805,1.5811269738664e-05,0.00555559227510079,"F2","Down-regulated",""
84.7295506196541,2.22489604557619,0.516682668850011,4.30611704187443,1.6614517240093e-05,0.00565853536048145,"CCL22","Up-regulated",""
283.811108400759,-3.61208182719278,0.840420800221753,-4.29794434673642,1.72389431091228e-05,0.00568180735678315,"TMEM178B","Down-regulated",""
366.122789566661,-2.63839921695251,0.613633087690477,-4.29963649268428,1.71078485000084e-05,0.00568180735678315,"TUBB3","Down-regulated",""
17.3740608652868,2.54788276493254,0.595315247235781,4.27988830583979,1.86987131004328e-05,0.00597034327035903,"FCER1A","Up-regulated",""
129.994135017646,3.05515156310636,0.713639782670759,4.2810835904812,1.85985475210009e-05,0.00597034327035903,"CD79A","Up-regulated",""
136.895753761865,-3.31695916121355,0.777759608657057,-4.26476140480075,2.00115931849788e-05,0.00626051181200761,"SLC22A31","Down-regulated",""
257.085750670809,3.83985948903584,0.900379482375492,4.26471233985146,2.00159910471338e-05,0.00626051181200761,"CYP4F8","Up-regulated",""
22.775705616612,3.34804173080768,0.788283570185691,4.2472555022541,2.16405121312446e-05,0.00650318605732263,"FCRL2","Up-regulated",""
5346.44934684459,-3.03397703227531,0.713831277788535,-4.25027191533921,2.1351115680858e-05,0.00650318605732263,"TFRC","Down-regulated",""
192.274211910368,-2.7793545836059,0.654172256478604,-4.24865860036178,2.15054366456962e-05,0.00650318605732263,"H3C10","Down-regulated",""
75.6094145495236,-2.24156897971634,0.527189642156588,-4.25192151072373,2.11944146785767e-05,0.00650318605732263,"H2BC15","Down-regulated",""
1246.11095153486,-3.79840336322598,0.89482325675113,-4.24486437357137,2.18725675624186e-05,0.00650910622255589,"NRCAM","Down-regulated",""
752.815615006872,4.10864436058435,0.969677311846761,4.23712539252815,2.26399711287627e-05,0.00654187242561186,"PIP","Up-regulated",""
18.5268043689071,-5.62589106402098,1.32836963247313,-4.2351849413682,2.28363679218475e-05,0.00654187242561186,"ENSG00000272046","Down-regulated",""
43.1929349611417,3.92141974763345,0.924989018375824,4.23942303068529,2.24095011759679e-05,0.00654187242561186,"NDP","Up-regulated",""
157.426836438916,4.45669563802233,1.05305675492865,4.23215141744597,2.3146648668543e-05,0.00656936180544611,"MS4A1","Up-regulated",""
6.72273516580216,-4.30381976080444,1.01993368651098,-4.21970547470305,2.44621683749584e-05,0.00687903105531398,"MROH6","Down-regulated",""
104.843741465493,-2.03520098470458,0.484179360105643,-4.20340302044376,2.62931831495483e-05,0.00717687408487469,"H2BC26","Down-regulated",""
35.9170437135759,-3.13880788667672,0.747473097637105,-4.19922522509379,2.67829820084554e-05,0.00717687408487469,"H2BC11","Down-regulated",""
511.462119145714,-2.93733972695637,0.698201624378329,-4.20700786763673,2.5877413571525e-05,0.00717687408487469,"ADGRG6","Down-regulated",""
161.921364370964,-3.57034195391629,0.850880407950518,-4.19605613263095,2.71602960278437e-05,0.00717687408487469,"VGF","Down-regulated",""
14.196737849338,3.71931103433642,0.886030075395676,4.19772549219109,2.69609155506966e-05,0.00717687408487469,"PAEP","Up-regulated",""
11.5003894060429,-3.15003492709374,0.750107829526318,-4.19944280422048,2.67572606050894e-05,0.00717687408487469,"ENSG00000277128","Down-regulated",""
1008.59415838494,-3.4900707641177,0.831161646465684,-4.19902768487741,2.68063548481575e-05,0.00717687408487469,"L1CAM","Down-regulated",""
4.24263659366559,-4.36264294673598,1.04125402316687,-4.18979696565055,2.79204164370043e-05,0.00718841885093891,"OFCC1","Down-regulated",""
32.1479476110855,-2.14720878171176,0.512159190331137,-4.19246363679128,2.75941323470281e-05,0.00718841885093891,"ENSG00000286850","Down-regulated",""
18.0493159412137,-3.40921549583012,0.813777741834262,-4.18936930880626,2.79730830501907e-05,0.00718841885093891,"ENSG00000256955","Down-regulated",""
73.0450909098414,-3.34312282341712,0.798261917712139,-4.18800239525229,2.81420547472488e-05,0.00718841885093891,"COCH","Down-regulated",""
8.18572135227593,-3.70902806965602,0.886837067639091,-4.18231060134877,2.88561379689863e-05,0.00719104342297046,"ENSG00000223867","Down-regulated",""
7.22572479371031,2.74071349172355,0.654933837851991,4.18471810940836,2.85520189233861e-05,0.00719104342297046,"FXYD1","Up-regulated",""
55.7700414593647,-2.19602077822336,0.526023543668938,-4.17475758386484,2.98303528528964e-05,0.0073738707713466,"ENSG00000289268","Down-regulated",""
13.6042750323376,-2.34870764614143,0.563210468007879,-4.17021305454247,3.04315005277675e-05,0.00740306630299308,"H4C5","Down-regulated",""
46.1685693768917,-4.41953090046176,1.06027400627709,-4.16829128536303,3.06891592964226e-05,0.00740696150199958,"POU6F2","Down-regulated",""
22.827676978435,-2.821966003334,0.678439029688852,-4.15949831870406,3.18947368577294e-05,0.00754822864970104,"IL19","Down-regulated",""
33.7337667088354,-2.77569043919421,0.66746378203683,-4.15856337661337,3.20255382804865e-05,0.00754822864970104,"PURPL","Down-regulated",""
20.024302430775,-2.78439025954981,0.670103937120965,-4.15516176716206,3.25057478063597e-05,0.00754822864970104,"SPINK4","Down-regulated",""
7.18001666164793,-4.366735009511,1.05054759353006,-4.15662749256113,3.22979966816539e-05,0.00754822864970104,"SLCO1B1","Down-regulated",""
36.8506538923422,2.14318864793739,0.515072868012424,4.16094261809514,3.16936719452908e-05,0.00754822864970104,"ESRRB","Up-regulated",""
13.7669961107458,-3.93609880459262,0.949739141044109,-4.1443999036045,3.40704733597387e-05,0.00785209134904293,"CIBAR2","Down-regulated",""
74.6784231486992,-2.19925923802303,0.531630069777592,-4.13682250694189,3.52148289391301e-05,0.00793680100472218,"IL20RB","Down-regulated",""
14.6689207593489,3.12817861325551,0.756083026301229,4.13734802189464,3.51343008937558e-05,0.00793680100472218,"C8orf34-AS1","Up-regulated",""
4.28322037659541,-3.49496275256123,0.846206729723667,-4.1301523963329,3.6252284284582e-05,0.00806739753389819,"ENSG00000232762","Down-regulated",""
31.1096429582635,-4.76379364600589,1.15353936586571,-4.12971918165162,3.63206596528106e-05,0.00806739753389819,"EIF3FP1","Down-regulated",""
443.617231895735,-2.59006640071254,0.62861300001356,-4.12028768201845,3.78399627500857e-05,0.0083443923612635,"KREMEN2","Down-regulated",""
81.0085061104527,-2.83584421829429,0.689423414520206,-4.11335640561012,3.89947636669145e-05,0.00847707443913663,"ULBP1","Down-regulated",""
447.204815771027,2.963180244928,0.720354474948671,4.11350293220452,3.89700088754761e-05,0.00847707443913663,"NELL2","Up-regulated",""
486.148770439563,2.24691466663163,0.547719256545675,4.1023108824078,4.09044160051542e-05,0.00882959267176047,"SERHL2","Up-regulated",""
1641.68389122956,-2.23338503830144,0.545054878207109,-4.09754160103637,4.17561141998753e-05,0.00892071526792572,"TXNRD1","Down-regulated",""
230.84499423953,-2.63799509661069,0.643932138290639,-4.09669736878396,4.19086192934002e-05,0.00892071526792572,"PNPLA3","Down-regulated",""
13.2612274558302,2.94774212470306,0.722212773486056,4.08154249401402,4.47377958592024e-05,0.00932859128351206,"VGLL1","Up-regulated",""
45.4778630416198,-2.61565065437081,0.641635975833386,-4.07653366221164,4.57120405029522e-05,0.00946733422632763,"PABPN1L","Down-regulated",""
19.6115055799856,-2.04730912981992,0.5031384061028,-4.06907742479436,4.71996618848335e-05,0.00964509357395943,"DPY19L2P2","Down-regulated",""
24.9746612155645,3.44777357513617,0.848892663267298,4.06149531539836,4.87593968729159e-05,0.0097684511957426,"GDF10","Up-regulated",""
21.0007314200217,2.95249329500655,0.72777664327232,4.05686734013774,4.9735312324451e-05,0.00986164645518789,"SLC26A3","Up-regulated",""
12.3757802807209,-3.52956901519019,0.870156852988081,-4.05624457598627,4.98680412551913e-05,0.00986164645518789,"CASC9","Down-regulated",""
1637.1497603115,2.07964504854186,0.512941743516337,4.05434939703952,5.0274026963373e-05,0.00986619409640574,"STAT5A","Up-regulated",""
212.835104672415,-2.82737793063126,0.698410985825465,-4.04830105484313,5.1590759865361e-05,0.00988349982120652,"FAM83B","Down-regulated",""
4.07518300973582,-4.3247589133893,1.06944053354298,-4.04394520101241,5.25592088652153e-05,0.00988371085973362,"H3C2","Down-regulated",""
4068.03943332089,2.57564309709666,0.63809176408454,4.03647757590462,5.42597092019549e-05,0.0101412719905995,"NTN4","Up-regulated",""
61.7677539474273,-2.42858366932765,0.602487495075053,-4.03092792660388,5.55570794334361e-05,0.0101707785372086,"HPSE","Down-regulated",""
14.0680848863574,-2.99525404787928,0.743179008235652,-4.03032649561803,5.56994307540242e-05,0.0101707785372086,"HCN4","Down-regulated",""
3170.8832492546,-2.58919704296594,0.643314478069481,-4.02477657697966,5.70294335443312e-05,0.010343586964502,"NCOA3","Down-regulated",""
593.114404206625,-2.00575972112955,0.498778034866465,-4.02134733472483,5.7866206032446e-05,0.0103726020310324,"INTS2","Down-regulated",""
480.401381135205,-2.00991069770382,0.50061760158111,-4.01486222489157,5.9480529897016e-05,0.0105393982138401,"CDCA3","Down-regulated",""
70.1511050931186,3.38363788159249,0.842781304075321,4.01484687098622,5.94844020290467e-05,0.0105393982138401,"PLA2G3","Up-regulated",""
3.82326481162864,-3.08831364583231,0.770604684516747,-4.00764971701284,6.13259853889376e-05,0.0105628545375702,"ENSG00000241462","Down-regulated",""
21.683289755641,-3.12386536428206,0.782456305710106,-3.99238314201718,6.541257043367e-05,0.0108379789672046,"SLCO4C1","Down-regulated",""
56.0115343309861,-2.12899962978736,0.533152482797286,-3.99322838865375,6.51797322099355e-05,0.0108379789672046,"PCAT7","Down-regulated",""
12.6909115562349,3.63184839194838,0.910468575168598,3.98898818806113,6.63557253346691e-05,0.0109351381341843,"GSDMD","Up-regulated",""
8.0704174119876,-3.55796299904691,0.894010398765873,-3.97977809202047,6.89796266864309e-05,0.011187108556574,"ENSG00000275139","Down-regulated",""
11.8863337649366,-2.43598811182316,0.61318154357352,-3.97270292518366,7.10616528784537e-05,0.0112761790633771,"ATP10B","Down-regulated",""
49.4378970598884,2.93561943640308,0.738940502068638,3.97274128050217,7.10502073780412e-05,0.0112761790633771,"ENSG00000289168","Up-regulated",""
64.9390255135108,-3.32223290620159,0.836384514761147,-3.97213583892135,7.12310791203755e-05,0.0112761790633771,"TDRD12","Down-regulated",""
18.8493295235249,3.3952386270411,0.854217605657732,3.97467648120742,7.04749880414044e-05,0.0112761790633771,"KLK3","Up-regulated",""
13.4642636675823,-2.49438336963525,0.630517166224346,-3.95609113162149,7.61861076172431e-05,0.0117942251044633,"ARG1","Down-regulated",""
313.791231279192,-3.54665270609293,0.898210418312081,-3.9485766740023,7.86172360712529e-05,0.0119889329356022,"ONECUT2","Down-regulated",""
352.101719931273,-3.58634270170852,0.909199809795224,-3.94450445663452,7.99651665522244e-05,0.0121341202235583,"BCAN","Down-regulated",""
43.5478065953267,-3.04140465649177,0.771343058542305,-3.94299867330038,8.04691007137893e-05,0.0121504378082713,"SLC2A14","Down-regulated",""
75.1930759034607,-3.87584041173703,0.98411000417616,-3.93842191959186,8.201927557204e-05,0.0122592784241395,"IBSP","Down-regulated",""
12.1752011281311,-3.9472230917037,1.00250136476481,-3.93737428240784,8.23780652886694e-05,0.0122592784241395,"OR2B2","Down-regulated",""
251.022004198877,-2.86429242973897,0.728978478410809,-3.9291865460599,8.52337007756655e-05,0.0125003990247641,"ENSG00000234261","Down-regulated",""
42.8135274683309,-2.44032264603381,0.620718916295992,-3.93144558989102,8.44366074880032e-05,0.0125003990247641,"MBTPS1-DT","Down-regulated",""
17.2508404065883,-3.00292558550638,0.764073678836228,-3.93015185404657,8.48922301417886e-05,0.0125003990247641,"PRKCA-AS1","Down-regulated",""
25.9002864419002,-2.60841196559632,0.664508879217651,-3.92532296734288,8.66134500782514e-05,0.012596664572828,"SNORA73B","Down-regulated",""
35.1385622839314,2.50831256145146,0.639227619298042,3.92397400507494,8.71001379677519e-05,0.012596664572828,"CD1C","Up-regulated",""
8.44659077929616,-3.26572626571519,0.83250352853905,-3.92277768653566,8.75339147204867e-05,0.012596664572828,"LINC02882","Down-regulated",""
9.84921486816076,3.78458415229885,0.964498183239631,3.92388935310059,8.71307652886825e-05,0.012596664572828,"ENSG00000229892","Up-regulated",""
12.7679101643674,-2.63258119820986,0.671459409264808,-3.92068554239536,8.82974213781167e-05,0.0126471614957104,"ENSG00000234586","Down-regulated",""
1536.73417387088,-2.31407660067703,0.591235048069312,-3.91397060819328,9.07906918330714e-05,0.012883871694756,"FADS1","Down-regulated",""
161.07059690689,-2.57386644561094,0.658988441725643,-3.90578389944284,9.3920418610519e-05,0.0130856757784074,"E2F7","Down-regulated",""
244.019295377674,2.4764599436161,0.634316349327683,3.90414017586165,9.45609644558377e-05,0.0131153062556576,"FAM107A","Up-regulated",""
12.4916643873571,-3.28524755197592,0.842866181831871,-3.89770953300774,9.71067915209482e-05,0.0132880239897326,"H2BC17","Down-regulated",""
3.21709991243205,-4.24192939732664,1.08828345151242,-3.89781668684891,9.70638452048701e-05,0.0132880239897326,"ENSG00000204990","Down-regulated",""
23.0335498204976,-2.07177171605615,0.531738217627785,-3.89622496065608,9.77036442504648e-05,0.0133102760158455,"ENSG00000287787","Down-regulated",""
65.6924417201327,-3.78842601682607,0.973508023910841,-3.89152007356545,9.96181455559495e-05,0.0135110415822167,"ZFR2","Down-regulated",""
12.0702177417817,-3.55243694183009,0.913464708267454,-3.88897010434909,0.000100670516453799,0.0135609708074307,"ISL2","Down-regulated",""
24.9541411002964,-2.28842681850545,0.588726971653104,-3.88707657147031,0.00010145875668746,0.0135804096505852,"NPIPB6","Down-regulated",""
387.659057511503,2.3522041961069,0.605687922835059,3.88352500921081,0.000102952937041829,0.0136022130439921,"C1orf116","Up-regulated",""
26.2311293116944,3.4164045398818,0.880508538698891,3.88003567226066,0.000104441146198727,0.0136161678897137,"FCER2","Up-regulated",""
14.9554406510344,-2.20201914295255,0.567760902938512,-3.87842687221988,0.000105134119639466,0.0136161678897137,"ENSG00000286230","Down-regulated",""
31.3331491057668,-2.83497007097588,0.732402914070035,-3.87077934360157,0.000108487959746532,0.0139136943186222,"KIAA0319","Down-regulated",""
10.9610919378377,-3.55429395221899,0.918174488997463,-3.87104411504599,0.000108370175781809,0.0139136943186222,"ENSG00000260498","Down-regulated",""
13.7655527307306,-2.39848899417035,0.620082280102241,-3.86801731179108,0.000109723876778542,0.0140021101250117,"ENSG00000233538","Down-regulated",""
66.4273755278474,2.01560850055764,0.521342019056833,3.86619230156071,0.00011054778318716,0.0140021101250117,"C15orf48","Up-regulated",""
76.9023908384105,-2.22992212384214,0.576727678059556,-3.86650790082571,0.000110404888816327,0.0140021101250117,"ENSG00000278716","Down-regulated",""
173.950324289095,-2.28466054722544,0.591340956193905,-3.86352496524237,0.000111762465134398,0.0140597236044522,"JPH1","Down-regulated",""
1052.59041140163,-2.5804108520928,0.66803068964046,-3.86271303415956,0.000112134703928901,0.0140597236044522,"PRR11","Down-regulated",""
32.3726776703603,-2.86621963300454,0.742389221676352,-3.86080448007108,0.000113014312410795,0.0140817670894946,"ENSG00000278275","Down-regulated",""
4.99041004480972,3.15125383145477,0.817088811269231,3.85668459534985,0.0001149353092313,0.0141973485775547,"FAM3D","Up-regulated",""
3613.55240354605,2.10436297575903,0.545683255251126,3.85638180301243,0.000115077701689666,0.0141973485775547,"REEP6","Up-regulated",""
13.2711336596688,-2.9856182629806,0.775306501909153,-3.8508876884544,0.000117690465019926,0.0143152703721856,"ENSG00000286654","Down-regulated",""
8.34803814204518,-2.28659980911424,0.594143588839001,-3.84856430679058,0.00011881210921997,0.0143719709164116,"FAM72B","Down-regulated",""
22.8420051912724,-3.78768122838478,0.985459027600741,-3.84357048065865,0.000121257153993533,0.0145755854282736,"NMRAL2P","Down-regulated",""
196.953287036468,-4.18288712636151,1.08918372643854,-3.84038709432327,0.000122840459494003,0.0146509951922575,"PCDH10","Down-regulated",""
4.83444928452236,2.43435956375493,0.633815380520234,3.84080228813131,0.000122632856898738,0.0146509951922575,"IFITM3P4","Up-regulated",""
6895.24447697519,-2.40978239405141,0.628662948663335,-3.83318660527887,0.000126493923822209,0.0148555239578481,"HYOU1","Down-regulated",""
15.9388818560187,-4.24558149753096,1.10744218764243,-3.83368228599737,0.000126239172911047,0.0148555239578481,"LINC00648","Down-regulated",""
540.315682837985,-2.66754088016862,0.696816850814039,-3.8281807867481,0.000129093920990473,0.014946137868391,"CA8","Down-regulated",""
283.697022006109,-2.19098179637664,0.572759722616077,-3.8253070351549,0.000130609204403453,0.0150505012532882,"H3C6","Down-regulated",""
39.4066313936499,-2.87943568972558,0.753799310026099,-3.81989695589651,0.000133507437464437,0.0152146478492814,"SLC30A3","Down-regulated",""
28.1530090058086,-2.6366987190962,0.690259008309908,-3.8198686107004,0.000133522780616491,0.0152146478492814,"EPHA6","Down-regulated",""
23.2678478619768,-3.27689046657951,0.85918442140041,-3.81395470513584,0.00013676054423587,0.015243578916065,"SLC22A7","Down-regulated",""
7.63454481127186,3.72033240979239,0.975257001659022,3.81472002094185,0.000136337419057843,0.015243578916065,"CHRNA2","Up-regulated",""
407.719157530229,3.39753489176496,0.89054810908181,3.81510539084514,0.000136124824217944,0.015243578916065,"CCL21","Up-regulated",""
76.1520405866808,2.2404302994753,0.586772765155762,3.81822475840467,0.00013441543938853,0.015243578916065,"NIBAN3","Up-regulated",""
28.9291063842236,-3.41988223079853,0.897144425673057,-3.81196397473335,0.000137866973892623,0.0152559512048978,"GABRG2","Down-regulated",""
6.29684000299996,-2.01199136830987,0.527778358995825,-3.81218997334029,0.00013774094296144,0.0152559512048978,"ENSG00000270832","Down-regulated",""
574.008045261579,2.43782652047139,0.640370338078268,3.80690106257456,0.000140719007093007,0.0155155359907009,"LRRC26","Up-regulated",""
11.5275464969322,2.52828675535974,0.665412775114821,3.7995765183851,0.000144943555216613,0.0159240496577048,"DRD1","Up-regulated",""
449.668550424751,2.19696037273465,0.580237806236239,3.78631028368423,0.000152900732527704,0.0166195505441106,"IGFALS","Up-regulated",""
3.13909962240587,3.43845848593533,0.908661866185079,3.78409022530167,0.000154271854927041,0.0167093317923097,"CYP2G2P","Up-regulated",""
159.716599028623,2.61846993142233,0.6921288834949,3.78321147096245,0.000154817769697536,0.016709416467496,"ATP1A2","Up-regulated",""
11.4927833524022,-2.24001332107073,0.592519979055711,-3.78048572242341,0.000156522695724464,0.0167752925501618,"ENSG00000291338","Down-regulated",""
172.268474894475,-2.3371969491597,0.618187856570019,-3.78072284067097,0.000156373681980627,0.0167752925501618,"VTN","Down-regulated",""
7.17330292637199,4.10426558570442,1.08622871231496,3.77845433394728,0.000157804782317007,0.0168325023561224,"SMR3B","Up-regulated",""
41.8107612747719,-3.44953420849891,0.913081859909316,-3.77790246412463,0.000158154791810102,0.0168325023561224,"DSCAM","Down-regulated",""
6.89692893633665,4.19412418796988,1.11067574120018,3.77619140527711,0.000159244637545583,0.0168898499309592,"CST5","Up-regulated",""
7.6717859520413,-3.77601401090188,1.00028993781915,-3.77491951896908,0.000160059330790187,0.0169177193357959,"FGG","Down-regulated",""
628.848118162902,-2.64506731076086,0.704364025454896,-3.75525611072004,0.000173164313460363,0.0179318666763076,"C6orf141","Down-regulated",""
186.106415046204,3.21154399651901,0.856025806308392,3.75169062994581,0.000175646124601936,0.0180587934343037,"SYT9","Up-regulated",""
102.191892322401,2.55282299847929,0.680578230965376,3.75096187672385,0.000176157485216522,0.0180587934343037,"MESP1","Up-regulated",""
19.2786425355371,-2.68578244367548,0.717557294283256,-3.7429519079145,0.000181871047381132,0.0183378662642317,"SYT5","Down-regulated",""
58.7780406427951,2.68014487046741,0.7172360290612,3.73676831875762,0.000186400525173936,0.0184896989357178,"ENSG00000231606","Up-regulated",""
37.3856400469812,-7.50015363114246,2.00706111478886,-3.73688353377892,0.000186315169232033,0.0184896989357178,"PGAM4P2","Down-regulated",""
42.2537344969247,-3.61854810938223,0.968571025025861,-3.73596568128353,0.000186996172193414,0.0184896989357178,"AQP9","Down-regulated",""
11.7742356180396,2.58305172960538,0.690970549675223,3.73829496903956,0.000185272498535698,0.0184896989357178,"CLEC17A","Up-regulated",""
156.624673751788,3.13681955908268,0.842427491816828,3.7235484235179,0.000196442162044697,0.0190548897183356,"CD300LG","Up-regulated",""
894.44265487178,2.37620250490785,0.638612229377842,3.72088474914242,0.000198526030670896,0.0191962772622218,"VWA2","Up-regulated",""
25.4440357442474,-2.84169532010692,0.764398921752796,-3.71755537486998,0.000201159903439302,0.0193614179919027,"ENSG00000232732","Down-regulated",""
552.466008159793,-2.59540588634457,0.698376706583839,-3.71634085426501,0.000202128858065016,0.0193614179919027,"BRIP1","Down-regulated",""
6.89703633936119,3.12637627787231,0.842293009365464,3.71174430169799,0.00020583586811253,0.0194478121911637,"ENSG00000224698","Up-regulated",""
32.5256686187783,-2.86240124062693,0.771135441358213,-3.71193059883922,0.000205684390438391,0.0194478121911637,"SERPINC1","Down-regulated",""
168.924393316575,-2.20513369263552,0.5944172943618,-3.70974013298701,0.000207472092734912,0.0194478121911637,"PDIA2","Down-regulated",""
4.6531248116041,-4.19548875817273,1.12980014786868,-3.71347867681498,0.000204429696731077,0.0194478121911637,"LINC02181","Down-regulated",""
447.761524937185,-2.08866708531536,0.56342235873214,-3.70710720464742,0.000209640214442052,0.0195315861795677,"ENSG00000227218","Down-regulated",""
4.09513960914447,2.40741663741532,0.649565083642817,3.70619772835436,0.000210394067181672,0.0195424210522806,"ENSG00000228153","Up-regulated",""
427.427730785733,2.17617821718614,0.587549463538573,3.70382129885694,0.000212375892550086,0.019607668248329,"DNAJC12","Up-regulated",""
2.97121291707764,4.66300582009892,1.25949097257301,3.70229395973589,0.000213658858240806,0.0196079979724466,"PPP1R11","Up-regulated",""
4.34483320704289,-4.69938259896083,1.27019070846599,-3.69974568987066,0.000215815620482146,0.0197175201756505,"SNX18P7","Down-regulated",""
241.04587815011,-2.34793454149448,0.634685675209527,-3.69936589591275,0.000216138809181084,0.0197175201756505,"ENSG00000284526","Down-regulated",""
8.18867201593658,-2.30479090645169,0.624106413078742,-3.69294539865737,0.000221671630989942,0.0199257443786033,"ENSG00000258525","Down-regulated",""
4.7678942372619,-2.41128046745268,0.652888528560682,-3.69324986114926,0.000221406287062644,0.0199257443786033,"ENSG00000260410","Down-regulated",""
9736.24347225156,2.04708429742057,0.555177892489277,3.68725830965992,0.00022668322284151,0.0201399830334434,"AZGP1","Up-regulated",""
11.545887137084,-2.09944637999597,0.569154741220455,-3.68870928755521,0.000225394578816655,0.0201399830334434,"EZH2P1","Down-regulated",""
8.64386668137482,3.17533175325251,0.862160710926839,3.68299287245294,0.000230511607056822,0.0204209299985714,"NEFL","Up-regulated",""
7.46726045920494,-4.25946806858927,1.15698827421981,-3.68151360173597,0.000231853417565512,0.0204217556184428,"ENSG00000248515","Down-regulated",""
174.75752663551,-2.03944168899289,0.554080751360857,-3.68076617710306,0.000232534172411672,0.0204230299506091,"CDCA2","Down-regulated",""
16.7406268214731,-3.48599294684577,0.949762093603432,-3.67038542633323,0.000242185008580143,0.0210646285409465,"BFSP2-AS1","Down-regulated",""
6.11266260711946,2.13988114100453,0.583080199647804,3.66996022553514,0.000242588212023819,0.0210646285409465,"ENSG00000226197","Up-regulated",""
8.19763330641146,-3.1413055359933,0.857022445609695,-3.66537137047623,0.000246979924334395,0.0213853916403895,"ENSG00000285841","Down-regulated",""
30.5977733555878,-2.80695872587691,0.76627538329139,-3.6631200572047,0.000249161684457894,0.0214767536482757,"ENSG00000272468","Down-regulated",""
477.26857308131,-2.25293614918257,0.615403512184562,-3.6609088257964,0.000251322187595199,0.0215785089472494,"GPC2","Down-regulated",""
5.47050220345724,-2.97727949712706,0.813953390142528,-3.65780096647268,0.000254388464079596,0.0217807687177871,"ENSG00000259727","Down-regulated",""
16.9717794111004,-2.51884695088028,0.688826704638824,-3.65672081804813,0.000255462350646131,0.0218117882228557,"CPB2","Down-regulated",""
17.4423159289598,2.91970130098792,0.799429430485844,3.6522314411336,0.000259971417974272,0.0218319011061573,"ENSG00000261294","Up-regulated",""
83.9943161351144,3.08302856724683,0.844126763053449,3.6523288944123,0.000259872749864699,0.0218319011061573,"CD19","Up-regulated",""
176.57251629876,3.04418788272164,0.835258806342318,3.64460435449037,0.000267803458899844,0.0223670616408666,"PLAAT5","Up-regulated",""
51.0792807584113,-2.11670917043897,0.581236836136835,-3.64173266186566,0.000270809221685154,0.022495512908112,"H2BC6","Down-regulated",""
4.4205507565502,-4.10972076272688,1.12986051109208,-3.63737003141615,0.000275436097290561,0.0226953420810491,"LINC01732","Down-regulated",""
67.4250103115898,-2.53586703352824,0.697149042066194,-3.63748191636683,0.000275316515426442,0.0226953420810491,"SLCO5A1","Down-regulated",""
23.1488878471303,2.35477552055937,0.648252217455554,3.63249898288365,0.000280689682722268,0.0229432004128079,"LINC02884","Up-regulated",""
573.343292851562,-2.43846039765945,0.67249445948041,-3.62599329003168,0.000287852828565111,0.0234038856795167,"PIF1","Down-regulated",""
430.968269331722,-2.6507286632066,0.731332249673495,-3.62452040695596,0.000289498162183409,0.0234753906540895,"NCR3LG1","Down-regulated",""
8.21669041056554,2.58873076140787,0.714620367481354,3.62252586017347,0.000291740284399121,0.0235586217499612,"SHISA3","Up-regulated",""
29.4513398280362,3.74133779851655,1.03369904890922,3.61936852168384,0.000295322813844022,0.0235586217499612,"LINC02224","Up-regulated",""
6.65016250350544,-3.62060669426721,0.99957833326471,-3.62213402769746,0.000292182660878952,0.0235586217499612,"H2BC10","Down-regulated",""
47.7612844731565,-2.02840413273074,0.56022804901521,-3.62067578782667,0.00029383453155244,0.0235586217499612,"CHRNA5","Down-regulated",""
27.2134200976131,-2.71184811402304,0.749361349872039,-3.61887908214924,0.000295881840093406,0.0235586217499612,"ENSG00000278022","Down-regulated",""
4.2044211844272,-3.11539539044018,0.861125384328111,-3.61781855132625,0.000297096555689893,0.0235922373704834,"ENSG00000259744","Down-regulated",""
9.82614581686044,-2.26013456644844,0.625520413372791,-3.61320672855719,0.000302433386380591,0.0237089211236263,"GALR2","Down-regulated",""
20.4062214219308,-3.91254359159353,1.08346059346054,-3.6111544944122,0.000304836993756388,0.0238363865628081,"ENSG00000189229","Down-regulated",""
5.1046712341599,-3.24975613834652,0.900278660789943,-3.60972250024792,0.000306524749824728,0.0238466919584456,"ASNSP1","Down-regulated",""
942.494440512809,-3.1483189805074,0.872396512996361,-3.60881655715712,0.000307597013806102,0.0238695282713535,"KIF1A","Down-regulated",""
4.69853596317101,-4.5158807428568,1.25230309661012,-3.60606050969681,0.000310880674666699,0.0239424985926725,"ENSG00000287713","Down-regulated",""
11.6724414122017,-2.42105978629215,0.671569517345708,-3.60507694849087,0.000312060452412391,0.0239605010030875,"H4C9","Down-regulated",""
35.4993197679491,-2.30481585747248,0.640678095906845,-3.59746317565319,0.000321335972017446,0.0244606013181742,"H2BC9","Down-regulated",""
44.0578631858127,2.93559365685906,0.817719411376839,3.58997672797842,0.000330707485559984,0.0250912025925362,"RERGL","Up-regulated",""
34.5490564142585,3.1870297650595,0.889197975249319,3.58416219308856,0.000338161910325005,0.025522777691191,"FCRL1","Up-regulated",""
11.1147739361882,-2.85216221105398,0.796635858534593,-3.58025838342316,0.000343254615096071,0.025537476849332,"RPRM","Down-regulated",""
51.207835651234,2.29448957853888,0.640498477885545,3.582349775621,0.000340517439473392,0.025537476849332,"SERP2","Up-regulated",""
50.4323109647719,-2.18892375774542,0.611280882214917,-3.58088044535937,0.000342438328825695,0.025537476849332,"EPHX3","Down-regulated",""
55.4305822335456,-2.08799892774022,0.583706351124186,-3.57713929909938,0.000347375077895576,0.0256030375305145,"NPW","Down-regulated",""
101.163430448383,-4.2373933646403,1.18573894583696,-3.5736309240052,0.000352065082741851,0.0256940450385791,"ELFN1-AS1","Down-regulated",""
82.7780977062762,3.59332841508945,1.00539621456922,3.57404211694699,0.000351512350981714,0.0256940450385791,"SCGB1D2","Up-regulated",""
53.6027317335344,-2.22293236930662,0.623010317828047,-3.56805064971679,0.000359646992698302,0.0261850347272883,"ELOVL4","Down-regulated",""
100.147776613701,3.11193349204518,0.872906478432517,3.56502508451225,0.000363821390615078,0.026376424326496,"TIMP4","Up-regulated",""
184.285285626333,-2.43625630386333,0.684154632239931,-3.5609731909393,0.000369482811042178,0.0263995037856989,"VWA5B2","Down-regulated",""
14.9375610683402,-2.00143761286426,0.56194500353163,-3.56162542648465,0.000368565961380603,0.0263995037856989,"ENSG00000289189","Down-regulated",""
679.545023982517,2.90640141132549,0.816130597524073,3.56119648024808,0.000369168692754635,0.0263995037856989,"GP2","Up-regulated",""
6.31037049798065,-3.08583376740375,0.866869668791003,-3.559743613717,0.000371217033347566,0.0264003352811359,"LINC01460","Down-regulated",""
4.40461643044428,-2.04699803415458,0.575213875907468,-3.55867290392673,0.000372733380954028,0.0264468138726918,"SNORD14E","Down-regulated",""
34.4260142768256,2.28849751792633,0.643726986547285,3.55507469121496,0.000377871730146558,0.0266264925803501,"PYY","Up-regulated",""
14.9698215903348,-2.20736076682968,0.621215536504313,-3.55329291867181,0.000380440591852866,0.0266848169827781,"ENSG00000284719","Down-regulated",""
46.5047440302599,-2.30340210205166,0.648592033886122,-3.55138820970484,0.000383204741827395,0.026817332754551,"AHRR","Down-regulated",""
40.7738929656095,3.38707527457122,0.954051741652593,3.55020081898723,0.000384937391764516,0.0268772230805602,"ENSG00000248779","Up-regulated",""
8.68656152513791,-2.56329749123635,0.722228074408346,-3.54915238283449,0.000386473361832741,0.0268920174571594,"DEPDC1P2","Down-regulated",""
10.6344859492453,3.80159393852902,1.07128186622063,3.54864023969774,0.000387225737448989,0.0268920174571594,"LMNTD2","Up-regulated",""
44.5822376704717,-2.32617535450963,0.655581495717079,-3.548262679326,0.000387781277439138,0.0268920174571594,"PHACTR3","Down-regulated",""
9.24398696866753,-3.66824028980286,1.03679036194,-3.53807329279085,0.000403058161836039,0.0278255377851312,"NIHCOLE","Down-regulated",""
19.1415987911178,-3.17156592772678,0.897216284156872,-3.53489563634832,0.000407936241060369,0.0278674249381386,"ENSG00000223991","Down-regulated",""
6.49882663796147,-2.54503657504131,0.720011224056265,-3.5347179182896,0.000408210681104796,0.0278674249381386,"H2AC9P","Down-regulated",""
521.818637799739,-2.89658306691064,0.819406222826918,-3.53497811734642,0.000407808928838577,0.0278674249381386,"KCNH2","Down-regulated",""
1546.67628418328,-2.14824066611971,0.608004549543692,-3.53326413055949,0.000410462168440456,0.027896865603186,"TRIM37","Down-regulated",""
4.87987326554547,-4.24151061139897,1.20131918004505,-3.53071080679816,0.000414444610644575,0.0281052128439768,"TUBAP13","Down-regulated",""
53.2315217805708,-2.79684855548376,0.793389377277016,-3.52519032342329,0.000423178635410588,0.0286341534936101,"MT-TI","Down-regulated",""
6.8687807256858,-5.08840738049394,1.44445806611808,-3.52271035058069,0.000427157917697459,0.0287763615236539,"GSTA2","Down-regulated",""
279.721762584982,-3.45354363650331,0.981058533738328,-3.52022179894156,0.000431186063133638,0.0289206022038781,"CALML5","Down-regulated",""
8.40767700834192,-2.29809755382344,0.654416751340462,-3.51167287377068,0.000445295745479032,0.0296078203696817,"IL27","Down-regulated",""
31.9708519962158,2.55118006407136,0.72712864566004,3.50856767822091,0.000450526591306265,0.0298262226279042,"SLC4A4","Up-regulated",""
4.82348283947551,-3.19207360216383,0.909762526650152,-3.50868881565984,0.000450321459320378,0.0298262226279042,"H2BC16P","Down-regulated",""
5.11239209470553,-3.57449149412511,1.01951164884527,-3.50608205229797,0.000454755007449431,0.0300412726041809,"ENSG00000287390","Down-regulated",""
4.93596685212322,-3.07469020867577,0.877244601821529,-3.50494058588838,0.000456709192973782,0.0301054842645857,"H2AC13","Down-regulated",""
143.992658227464,-2.09027638026173,0.597067733627247,-3.5009032686511,0.000463684113878048,0.0302677135288972,"ZC3H12C","Down-regulated",""
4225.93313100463,2.86844087112327,0.819817718711307,3.49887640344276,0.000467223105333032,0.0303178341453182,"VTCN1","Up-regulated",""
44.5383826948547,2.64357257454886,0.755625404044974,3.49852262827246,0.000467843388709889,0.0303178341453182,"MMRN1","Up-regulated",""
47.5253569527693,2.86817687108649,0.819772861571663,3.49874581794235,0.000467451974960249,0.0303178341453182,"CDH22","Up-regulated",""
340.352628573885,-3.16961815502949,0.906205507210617,-3.49768140869709,0.000469321407930827,0.0303494510461935,"KCNK2","Down-regulated",""
9.24738830265813,2.85081358219542,0.815784544709325,3.49456679546583,0.000474831776849221,0.0306411444715417,"ENSG00000277737","Up-regulated",""
78.4983828276011,-2.16927571880096,0.621116718751173,-3.49254118157138,0.000478447814732278,0.0308096269268357,"ENSG00000273108","Down-regulated",""
12.20489419459,-2.65730718868922,0.761747404638919,-3.48843615679771,0.000485854833121278,0.0311192972135714,"ENSG00000228044","Down-regulated",""
49.4079035940287,-2.73010205467663,0.782915291090328,-3.48709762824348,0.000488293073756967,0.0311192972135714,"ENSG00000249780","Down-regulated",""
230.910814226893,2.74907231980204,0.78869953976425,3.48557616836415,0.000491078393954144,0.0312293255839884,"HSPB7","Up-regulated",""
4.60090350985314,-2.05362957874716,0.589437622453423,-3.48404903338085,0.000493888996804012,0.0312544465064562,"ENSG00000287815","Down-regulated",""
99.2078564326406,2.88969725627606,0.829622005867077,3.48314923644763,0.000495552035825973,0.0312544465064562,"GLYATL2","Up-regulated",""
15.3111054734946,3.32506386717556,0.954307550519771,3.48426863579204,0.000493483910052312,0.0312544465064562,"ACTC1","Up-regulated",""
3.50750877337356,-3.72584394232895,1.07074130369534,-3.47968639060653,0.000502001036823392,0.0315314257801447,"H2BC14","Down-regulated",""
6.46159486441728,-3.73054692428127,1.07291369146606,-3.47702425083581,0.000507011956967146,0.0315872571238963,"LHX8","Down-regulated",""
35.9579798197684,2.54504897886746,0.734004768176212,3.46734665660438,0.000525623546842241,0.0324814913540484,"DNASE1L3","Up-regulated",""
142.479813179158,2.44321475889515,0.704743296305141,3.46681518178967,0.00052666387847325,0.0324814913540484,"GLYATL1","Up-regulated",""
17.9305804899784,-2.20629722117924,0.636258026519362,-3.46761396983666,0.000525101020591482,0.0324814913540484,"ENSG00000255566","Down-regulated",""
5670.62841209235,-2.47218689136268,0.713892703424839,-3.46296702502012,0.000534253864953247,0.0326865258853232,"ABCC3","Down-regulated",""
4.11110733289786,-2.14069218854846,0.618126828694155,-3.46319248603212,0.000533806376604395,0.0326865258853232,"ENSG00000261335","Down-regulated",""
27.5990258436127,2.60964067978168,0.753893261288329,3.46155193816438,0.000537070478787603,0.0327933950513897,"GLYATL1P1","Up-regulated",""
5.37058911247529,-3.56173764435866,1.03203757011635,-3.45117052662832,0.000558160783688795,0.0338787016665919,"ACTL8","Down-regulated",""
11.3761034417922,-2.51778961170451,0.730035204642162,-3.44886054219623,0.000562957365500501,0.034008537169059,"ENSG00000244332","Down-regulated",""
11.8976532209133,-2.24632564388002,0.651252044962555,-3.44924159740517,0.000562163486052363,0.034008537169059,"ENSG00000266709","Down-regulated",""
84.6872066086221,-2.05220680851867,0.595094587890337,-3.44853885462801,0.000563628372761385,0.034008537169059,"ENSG00000278963","Down-regulated",""
39.451424091018,2.89408114743603,0.840192209340973,3.44454651597648,0.00057201820141515,0.034147716324823,"TACC1P1","Up-regulated",""
2027.81330285921,-2.15302622021951,0.624826142854034,-3.44580047560922,0.000569370582585254,0.034147716324823,"SLC7A1","Down-regulated",""
17.5856334827779,2.62162796236117,0.761579572873832,3.44235593461155,0.000576670934926295,0.0342294957593159,"CNR2","Up-regulated",""
7.28458219489326,2.1531714084266,0.626287972790551,3.43798939461141,0.00058605065093498,0.0343472744788891,"ENSG00000259665","Up-regulated",""
4.47384702256115,-3.30452987318858,0.961410753028121,-3.43716758188987,0.000587831781936669,0.0343859156105396,"ENSG00000263946","Down-regulated",""
41.825391106746,-2.73271758925354,0.795358571996597,-3.43583093898588,0.000590739481738338,0.0344251073994269,"CFAP47","Down-regulated",""
9.88898723007908,-4.22302221608924,1.22975835675983,-3.43402603680294,0.000594687070418081,0.0345888957921348,"MAGEA1","Down-regulated",""
1867.88683160868,2.23502165407788,0.651248246563967,3.4319042943609,0.00059935903046111,0.0347765968865114,"WNK4","Up-regulated",""
11.7572213063454,-2.33343182817457,0.680505761143981,-3.42896704394081,0.000605883092992475,0.0347887045670752,"MAP3K19","Down-regulated",""
235.78204311384,-2.34388647116857,0.683396529399433,-3.42976057140408,0.000604114067162263,0.0347887045670752,"TMEM38B","Down-regulated",""
71.8484397544795,2.20901528380648,0.644523141611591,3.42736379997617,0.000609471954603922,0.0347887045670752,"CNTN1","Up-regulated",""
535.948796305561,-2.47369031907652,0.721985170625235,-3.42623424929119,0.000612012321834573,0.0348471996720891,"POLQ","Down-regulated",""
3.09037946399431,-2.59513396800329,0.757777907838174,-3.42466300635078,0.000615562447023986,0.0348765621555993,"NXT1-AS1","Down-regulated",""
17.0112291784914,-2.84430161932405,0.83220127876228,-3.4178049131988,0.000631283384764381,0.0355047675409134,"BFSP2","Down-regulated",""
51.7444812819656,-3.80750099374103,1.11494036335654,-3.4149817504844,0.000637862850572486,0.0356134282254059,"ARPP21","Down-regulated",""
29.8024030835825,2.86246570113976,0.838195934453129,3.41503171690678,0.000637745849902696,0.0356134282254059,"ROCR","Up-regulated",""
276.088621846442,2.21109109878561,0.647894878482753,3.41273125042069,0.000643153338693233,0.0357136524232337,"AK5","Up-regulated",""
3.01390856016882,-2.77791621957954,0.814400212315744,-3.41099643341268,0.000647259381564831,0.0358766628638792,"KRT3","Down-regulated",""
30.4851546767885,-2.05165786353861,0.601693570069662,-3.40980519918316,0.000650092952209607,0.035968680814312,"MIR181A1HG","Down-regulated",""
9.6165412847074,-3.09881208906635,0.909027448821545,-3.40893126283879,0.000652179103037102,0.0360190880473752,"FGL1","Down-regulated",""
8.41028821528964,2.45518820613049,0.720600869479716,3.40714022160863,0.000656473918884671,0.0360456706456962,"MAL","Up-regulated",""
5.77309030210315,-2.48542851893025,0.729717801943941,-3.40601327295177,0.000659189743401237,0.0360456706456962,"ENSG00000214919","Down-regulated",""
9.96197893217561,-3.38733444612969,0.994362898717363,-3.40653744271738,0.000657925253913051,0.0360456706456962,"RPS6P8","Down-regulated",""
186.33151595943,-2.99169405830619,0.878437006374333,-3.40570130424505,0.000659943398562781,0.0360456706456962,"CSMD1","Down-regulated",""
71.8347243556216,-2.38740581620386,0.70108345217588,-3.40530903816702,0.00066089217352477,0.0360456706456962,"FIBCD1","Down-regulated",""
32.2765966553813,-2.50555756519997,0.735779093697534,-3.40531225562378,0.00066088438629761,0.0360456706456962,"XK","Down-regulated",""
477.097789418011,2.7430551712972,0.806599577295109,3.40076445427346,0.000671977027328444,0.0365103601322263,"BARX2","Up-regulated",""
18.7640555535712,2.84789084128203,0.837993829475028,3.39846278231681,0.00067765682537211,0.0365409862489014,"FCRLA","Up-regulated",""
2.84718883585335,-3.75064738756972,1.10365385360897,-3.39839105830605,0.000677834532479678,0.0365409862489014,"ENSG00000241475","Down-regulated",""
24.2032961200308,-2.71604221252419,0.79926007441391,-3.39819578066105,0.000678318582005249,0.0365409862489014,"ENSG00000229618","Down-regulated",""
696.497115508858,-2.02882508380841,0.597713356720307,-3.39431110413979,0.000688014854614388,0.0369335049450792,"DPY19L1","Down-regulated",""
31.2026860041033,-2.61608074843457,0.770922493138076,-3.39344197597048,0.000690201788692884,0.0369861280192557,"C1QL4","Down-regulated",""
20.8314897208353,-2.04730025628267,0.603706081397305,-3.39122019699405,0.000695821718663913,0.0371573646698367,"ENSG00000249244","Down-regulated",""
24.3238825804129,-2.45143841634837,0.723555083524714,-3.38804670462195,0.000703922767496315,0.0374657167873665,"SATB2-AS1","Down-regulated",""
66.1738412415066,2.2147703153106,0.653710093937257,3.38800079094874,0.000704040612995012,0.0374657167873665,"CHL1","Up-regulated",""
3.3112009391889,-4.00305030161305,1.18302870168643,-3.38373050113375,0.000715081556369496,0.037987313458991,"RPL21P55","Down-regulated",""
11.4029790532956,-2.99939998475749,0.888201600914409,-3.37693602631384,0.000732980957408211,0.0388036827400285,"ENSG00000287886","Down-regulated",""
58.888171184952,2.22623585014723,0.659607786916248,3.3750903101905,0.000737914712060804,0.0388635081685357,"CLDN8","Up-regulated",""
8690.98968017497,-3.20941259957279,0.951446436467188,-3.37319314736166,0.000743018121342404,0.0389751111429697,"MUC5B","Down-regulated",""
9.16472267673634,2.45282869061831,0.727416021567462,3.37197507051448,0.00074631203375686,0.0390374683595824,"ENSG00000269043","Up-regulated",""
4.04145438143354,-4.02145846816231,1.19356390571402,-3.36928626017439,0.000753631155566817,0.0392862281980172,"ENSG00000286212","Down-regulated",""
48.5222175225374,-2.53021975338363,0.751465470707669,-3.36704725900563,0.00075977666896309,0.0393389771234065,"IL24","Down-regulated",""
20.7995184001667,-3.8773114211638,1.15136978720632,-3.36756397835633,0.00075835428390255,0.0393389771234065,"FGA","Down-regulated",""
315.874943582384,-2.04507340629735,0.607649665702663,-3.36554683023236,0.000763920985619715,0.0393675177615295,"C4orf19","Down-regulated",""
4.36103808260281,-2.45857157049606,0.730950590710769,-3.36352634739014,0.000769534904154155,0.0394444546523966,"ENSG00000289446","Down-regulated",""
7.81854230538689,-2.72562194922052,0.810914531166416,-3.36117043716062,0.000776129167731933,0.0397160454913509,"CREB3L3","Down-regulated",""
30.1286463899025,-2.13075473604207,0.634054183181454,-3.36052468789137,0.000777945777423909,0.0397426566159961,"KPNA7","Down-regulated",""
10.8081630182162,2.79043105420943,0.830718867379532,3.35905582957532,0.000782092652277251,0.0398880265850288,"EPYC","Up-regulated",""
9.9551920118811,-2.22766927171114,0.663583326090179,-3.35703020875543,0.000787845042476456,0.040008318569366,"LUNAR1","Down-regulated",""
6.54761361082297,-2.42472205572537,0.722176704931986,-3.35751906585485,0.000786453194322695,0.040008318569366,"ENSG00000287236","Down-regulated",""
7.91966471592726,3.26131113868696,0.973751398725043,3.34922357283089,0.000810383748437267,0.0406334049814367,"ENSG00000290849","Up-regulated",""
14.3729660078546,2.15453161991824,0.643423256400266,3.34854483186093,0.000812371363999363,0.0406334049814367,"LINC01266","Up-regulated",""
5.50987218229199,-2.07713505867319,0.620233630838971,-3.34895586984457,0.000811167146604691,0.0406334049814367,"ENSG00000256571","Down-regulated",""
4.23306505372326,2.83729675077763,0.847769121524529,3.34678001208084,0.000817560628553655,0.0407954769212553,"HS3ST4","Up-regulated",""
3.47403279181789,-2.62837857665719,0.785939095551355,-3.34425223472732,0.00082504687832595,0.0409212571431182,"ENSG00000278594","Down-regulated",""
10.720808102122,-3.22937996012267,0.965822972767867,-3.34365618874013,0.000826821365982041,0.040943018594639,"LINC02893","Down-regulated",""
4.84438836479941,-2.9175241054569,0.873120268924157,-3.34149166992976,0.000833295169165289,0.0411970379439588,"ENSG00000287158","Down-regulated",""
2.84920629562079,-3.74832602759174,1.12266845806104,-3.3387648870669,0.000841517560556239,0.0412707140258717,"OR8B6P","Down-regulated",""
20.8259249633324,-6.328833291357,1.8973477184324,-3.33562120947757,0.000851090427159195,0.0416070554597825,"ENSG00000285722","Down-regulated",""
8.28829094339545,-2.26505534086895,0.679902322031619,-3.33144227850367,0.00086397215429958,0.0419690562180519,"LINC00592","Down-regulated",""
77.1970480729264,-2.10378738000555,0.631694209479571,-3.33038889455514,0.000867247661937281,0.0420615116039582,"ENSG00000260949","Down-regulated",""
6.06314184374593,-2.31213405503798,0.694853118794227,-3.32751482651501,0.000876243262335497,0.0423637357683086,"ENSG00000280023","Down-regulated",""
4.40543795701799,-2.41702100243433,0.727805098509781,-3.32097289148332,0.000897042497801101,0.04309740853072,"ENSG00000263745","Down-regulated",""
3.96048048748145,-2.29587570160578,0.69159743496078,-3.31967064298897,0.000901237058847578,0.0432311710920124,"TEN1","Down-regulated",""
1681.6277853057,2.61373105170764,0.787507461735862,3.3189921095431,0.000903429821466595,0.0432686420118657,"MFAP4","Up-regulated",""
35.9360955040247,-2.16908612360105,0.653655994940128,-3.31839092793714,0.000905376742488799,0.0432942401104004,"ENSG00000256673","Down-regulated",""
134.511741954706,-2.70520728047501,0.815611582827307,-3.3167837944349,0.000910600537818849,0.0434110704422769,"HP","Down-regulated",""
126.114191049122,-2.53680553409742,0.764987900576411,-3.31613811432306,0.000912707098035862,0.0434414564735951,"CCDC92B","Down-regulated",""
2568.58742149522,2.38358279917129,0.719533237390455,3.3126792138413,0.000924069016369781,0.043603948211717,"ZBTB18","Up-regulated",""
8.17116470093439,-2.73689108749021,0.826338177157851,-3.31207145348604,0.000926078894878891,0.043603948211717,"KCNMB2","Down-regulated",""
3.45483466828398,-3.42583208697485,1.03421581159107,-3.31249246876669,0.000924686156375753,0.043603948211717,"ENSG00000257004","Down-regulated",""
4.33804279186612,-2.43243862764865,0.734151490686557,-3.31326525724807,0.000922134784786189,0.043603948211717,"C22orf15","Down-regulated",""
12.1358459990918,2.51815633791033,0.760612201137703,3.31069674420649,0.000930640044317787,0.0437515009791853,"ENSG00000287647","Up-regulated",""
5.22448577400864,-2.22143168931487,0.671746345283357,-3.30695016789086,0.000943176688039552,0.0438346083020743,"H3C1","Down-regulated",""
69.1906088679872,-2.12227789728074,0.641374176339358,-3.30895439132527,0.000936450906588926,0.0438346083020743,"STARD13-AS","Down-regulated",""
6.79463899504691,2.02875624044615,0.614746437128602,3.30015127850468,0.000966327239531602,0.0443944601452194,"ENSG00000287415","Up-regulated",""
8.11837059388684,2.28747620268898,0.693125534767091,3.30023363438433,0.00096604369231541,0.0443944601452194,"FGF13-AS1","Up-regulated",""
8.98951726610411,-3.34078356693653,1.01368379172771,-3.29568608495016,0.000981816561449983,0.0447836923237572,"LINC02428","Down-regulated",""
1047.03690568557,2.00713839612118,0.609584453203661,3.29263383534914,0.000992536460319356,0.0451383198541675,"RHOV","Up-regulated",""
20.2633140342767,-2.80298172264924,0.851700950442093,-3.29103979653222,0.00099817791011421,0.0451937212715225,"LINC02408","Down-regulated",""
14.2223419551209,-2.87159668233356,0.872796756498879,-3.29010925046586,0.00100148490615425,0.0452257094187974,"FGB","Down-regulated",""
19.7230294582598,-2.01513783023008,0.612501887075398,-3.2900108109904,0.00100183533522652,0.0452257094187974,"TROAP-AS1","Down-regulated",""
7.18758388576504,-2.75292246117821,0.83696957397234,-3.28915476355081,0.00100488751887501,0.0452302675896578,"MTND1P9","Down-regulated",""
248.757836532772,-2.25056412482769,0.68435246443633,-3.28860381423683,0.00100685644464349,0.0452303261316751,"DNAI1","Down-regulated",""
13.2236130678015,-3.68541657363751,1.12263186841628,-3.282836232715,0.00102768348819994,0.045506701162418,"UGT2B7","Down-regulated",""
90.5238964753462,2.07168876656855,0.631188435048337,3.28220330337626,0.00102999314648132,0.045506701162418,"RHBDL3","Up-regulated",""
59.9667742859659,-2.07939088517964,0.63341599345823,-3.28282030554186,0.00102774155011007,0.045506701162418,"XPOTP1","Down-regulated",""
10.8946122546918,-5.75977003875174,1.75773992655492,-3.27680446449242,0.00104989050171893,0.046038975191257,"ENSG00000266869","Down-regulated",""
3.81849203021779,-2.82977406992575,0.865653836544077,-3.26894417891448,0.00107949595874586,0.0466555325147876,"ENSG00000253317","Down-regulated",""
10.9703167287293,-2.62725129620029,0.803976131966886,-3.26782250335325,0.00108378311315857,0.0466574718883939,"ENSG00000229896","Down-regulated",""
59.5349600946948,2.11814133226979,0.648452162292175,3.26645735096711,0.00108902210501669,0.0467516884635454,"ENSG00000259793","Up-regulated",""
3.1929983707751,2.5093229091625,0.768172395205773,3.26661427151429,0.00108841870796439,0.0467516884635454,"DUOXA2","Up-regulated",""
10.8622088253753,-2.08234360432139,0.63806617521094,-3.26352294671157,0.00110036273112905,0.0470408904247804,"SCARNA7","Down-regulated",""
237.627784396216,2.38727898509768,0.732319567255919,3.25988692893059,0.00111456637797489,0.0473181282793439,"CAVIN2","Up-regulated",""
37.8419123985313,-2.17550092990612,0.667286311805523,-3.26022112460199,0.00111325384449008,0.0473181282793439,"CFAP73","Down-regulated",""
13.2023328592326,-2.19366614345083,0.672774229822156,-3.26062748276002,0.00111165982257786,0.0473181282793439,"CENPN-AS1","Down-regulated",""
8.40426554626769,-2.01602615323844,0.618709958863427,-3.25843494897333,0.00112028557188899,0.0473360288894305,"H2AC15","Down-regulated",""
1069.46399228523,2.46729053037118,0.757494529237744,3.25717273873117,0.00112527931607682,0.0473665023040937,"PHYHD1","Up-regulated",""
58.5616043529944,-3.69321486048252,1.13457999959587,-3.25513834352626,0.00113337142764268,0.0475891794521964,"TYRP1","Down-regulated",""
10.4433198011041,-2.3450746667709,0.720951423796382,-3.25274989322057,0.00114294048585899,0.0476106211987295,"ENSG00000288728","Down-regulated",""
10.7939648587179,-4.15487356834262,1.27708099654687,-3.25341429367211,0.00114027116967801,0.0476106211987295,"AKAP8P1","Down-regulated",""
12.8671466292318,-2.51150766116896,0.772133695398644,-3.2526849639327,0.00114320165738826,0.0476106211987295,"ENSG00000256450","Down-regulated",""
11.2949234161152,-2.47015401447729,0.759765715761558,-3.25120489544769,0.0011491700655233,0.047721962071502,"ENSG00000229021","Down-regulated",""
164.18721941128,2.51058113414713,0.772372369636377,3.25048025129262,0.00115210269910321,0.047721962071502,"WNT11","Up-regulated",""
3.11521182434578,-4.21592499372596,1.29726237522821,-3.24986299936765,0.00115460617030356,0.0477524757697435,"CBY2","Down-regulated",""
6.98400195960625,-3.82384571024016,1.17730136968984,-3.24797524974217,0.00116229380420859,0.04788525495511,"ENSG00000288758","Down-regulated",""
29.5017973784224,-2.0752081229072,0.639254695466222,-3.24629312482985,0.0011691838839563,0.0479756685555937,"RN7SL743P","Down-regulated",""
52.9418121050463,2.37038119955379,0.730074727106589,3.24676517559786,0.00116724653695222,0.0479756685555937,"LINC01152","Up-regulated",""
6.23550558674533,2.18778072428636,0.674517611371169,3.24347457709668,0.00118081348011175,0.0482590597231807,"ENSG00000223651","Up-regulated",""
143.831858406353,2.10441044410761,0.648761086882195,3.24373715788188,0.00117972554886868,0.0482590597231807,"TSPAN7","Up-regulated",""
12.7457279905188,-2.02633359687757,0.624848431475713,-3.24292019440931,0.0011831134576283,0.0482886733731327,"INHBC","Down-regulated",""
45.0881678193438,2.11070812231718,0.65153290074087,3.23960328007542,0.00119696109169452,0.0486594845923348,"ENSG00000279878","Up-regulated",""
154.218354617087,-2.21317926426242,0.683730762884101,-3.23691631911781,0.00120828837553464,0.0489900202207512,"TRIM36","Down-regulated",""
10.0954142427657,2.01387654565163,0.622854625340369,3.23330110063984,0.00122368513694326,0.0494181776252765,"ANKRD65-AS1","Up-regulated",""
7.70578426980572,-4.0835913348142,1.26321224017235,-3.23270405791591,0.00122624523260112,0.0494564064074862,"RN7SL255P","Down-regulated",""
