"ID","Description","GeneRatio","BgRatio","RichFactor","FoldEnrichment","zScore","pvalue","p.adjust","qvalue","geneID","Count"
"R-HSA-5625886","Activated PKN1 stimulates transcription of AR (androgen receptor) regulated genes KLK2 and KLK3","17/177","66/11230",0.257575757575758,16.3422359185071,15.8185910857697,1.35349145344351e-16,8.47285649855638e-14,6.28304979966935e-14,"H3C8/H2BC7/H3C10/H2BC15/H2BC26/H2BC11/H4C5/H3C2/KLK3/H2BC17/H3C6/H2BC6/H2BC10/H4C9/H2BC9/H2BC14/H3C1",17
"R-HSA-3214815","HDACs deacetylate histones","19/177","94/11230",0.202127659574468,12.824257723284,14.567676607578,2.77141304129927e-16,8.67452281926672e-14,6.43259553269989e-14,"H3C8/H2BC7/H2AC16/H3C10/H2BC15/H2BC26/H2BC11/H4C5/H3C2/H2BC17/H3C6/H2BC6/H2BC10/H4C9/H2BC9/H2AC13/H2BC14/H3C1/H2AC15",19
"R-HSA-73728","RNA Polymerase I Promoter Opening","16/177","62/11230",0.258064516129032,16.3732458538363,15.3599854325213,1.06515210772301e-15,2.22261739811535e-13,1.64818273510824e-13,"H3C8/H2BC7/H3C10/H2BC15/H2BC26/H2BC11/H4C5/H3C2/H2BC17/H3C6/H2BC6/H2BC10/H4C9/H2BC9/H2BC14/H3C1",16
"R-HSA-5334118","DNA methylation","16/177","64/11230",0.25,15.861581920904,15.0877091720722,1.85249447644418e-15,2.89915385563514e-13,2.14986858976811e-13,"H3C8/H2BC7/H3C10/H2BC15/H2BC26/H2BC11/H4C5/H3C2/H2BC17/H3C6/H2BC6/H2BC10/H4C9/H2BC9/H2BC14/H3C1",16
"R-HSA-427359","SIRT1 negatively regulates rRNA expression","16/177","67/11230",0.238805970149254,15.1513618348933,14.701520830827,4.09069481707179e-15,5.12154991097388e-13,3.79788718806033e-13,"H3C8/H2BC7/H3C10/H2BC15/H2BC26/H2BC11/H4C5/H3C2/H2BC17/H3C6/H2BC6/H2BC10/H4C9/H2BC9/H2BC14/H3C1",16
"R-HSA-68616","Assembly of the ORC complex at the origin of replication","16/177","68/11230",0.235294117647059,14.9285476902625,14.5782828382443,5.27695877262234e-15,5.50562698610264e-13,4.08269968197623e-13,"H3C8/H2BC7/H3C10/H2BC15/H2BC26/H2BC11/H4C5/H3C2/H2BC17/H3C6/H2BC6/H2BC10/H4C9/H2BC9/H2BC14/H3C1",16
"R-HSA-9821002","Chromatin modifications during the maternal to zygotic transition (MZT)","16/177","70/11230",0.228571428571429,14.502017756255,14.3394563594726,8.66608059687386e-15,6.78120806705379e-13,5.02860729371233e-13,"H3C8/H2BC7/H3C10/H2BC15/H2BC26/H2BC11/H4C5/H3C2/H2BC17/H3C6/H2BC6/H2BC10/H4C9/H2BC9/H2BC14/H3C1",16
"R-HSA-9843970","Regulation of endogenous retroelements by the Human Silencing Hub (HUSH) complex","16/177","70/11230",0.228571428571429,14.502017756255,14.3394563594726,8.66608059687386e-15,6.78120806705379e-13,5.02860729371233e-13,"H3C8/H2BC7/H3C10/H2BC15/H2BC26/H2BC11/H4C5/H3C2/H2BC17/H3C6/H2BC6/H2BC10/H4C9/H2BC9/H2BC14/H3C1",16
"R-HSA-9710421","Defective pyroptosis","16/177","72/11230",0.222222222222222,14.0991839296924,14.1102399451527,1.39966338332042e-14,9.73543642176202e-13,7.219316398179e-13,"H3C8/H2BC7/H3C10/H2BC15/H2BC26/H2BC11/H4C5/H3C2/H2BC17/H3C6/H2BC6/H2BC10/H4C9/H2BC9/H2BC14/H3C1",16
"R-HSA-9610379","HCMV Late Events","19/177","116/11230",0.163793103448276,10.3920709136957,12.8668503684866,1.65601451306777e-14,1.0063135941221e-12,7.46232209530595e-13,"H3C8/H2BC7/H2AC16/H3C10/H2BC15/H2BC26/H2BC11/H4C5/H3C2/H2BC17/H3C6/H2BC6/H2BC10/H4C9/H2BC9/H2AC13/H2BC14/H3C1/H2AC15",19
"R-HSA-2299718","Condensation of Prophase Chromosomes","16/177","73/11230",0.219178082191781,13.9060444238062,13.9990304522717,1.76828267337749e-14,1.0063135941221e-12,7.46232209530595e-13,"H3C8/H2BC7/H3C10/H2BC15/H2BC26/H2BC11/H4C5/H3C2/H2BC17/H3C6/H2BC6/H2BC10/H4C9/H2BC9/H2BC14/H3C1",16
"R-HSA-212300","PRC2 methylates histones and DNA","16/177","75/11230",0.213333333333333,13.5352165725047,13.7830323408115,2.79077141987623e-14,1.34386377603271e-12,9.96542668959852e-13,"H3C8/H2BC7/H3C10/H2BC15/H2BC26/H2BC11/H4C5/H3C2/H2BC17/H3C6/H2BC6/H2BC10/H4C9/H2BC9/H2BC14/H3C1",16
"R-HSA-427389","ERCC6 (CSB) and EHMT2 (G9a) positively regulate rRNA expression","16/177","75/11230",0.213333333333333,13.5352165725047,13.7830323408115,2.79077141987623e-14,1.34386377603271e-12,9.96542668959852e-13,"H3C8/H2BC7/H3C10/H2BC15/H2BC26/H2BC11/H4C5/H3C2/H2BC17/H3C6/H2BC6/H2BC10/H4C9/H2BC9/H2BC14/H3C1",16
"R-HSA-9609690","HCMV Early Events","20/177","137/11230",0.145985401459854,9.2622376180461,12.3126220098384,3.20370370127166e-14,1.43251322642576e-12,1.06228070094797e-12,"H3C8/H2BC7/H2AC16/TUBB3/H3C10/H2BC15/H2BC26/H2BC11/H4C5/H3C2/H2BC17/H3C6/H2BC6/H2BC10/H4C9/H2BC9/H2AC13/H2BC14/H3C1/H2AC15",20
"R-HSA-5578749","Transcriptional regulation by small RNAs","16/177","76/11230",0.210526315789474,13.3571216176033,13.678103515285,3.48711380420023e-14,1.45528882761956e-12,1.07916995624723e-12,"H3C8/H2BC7/H3C10/H2BC15/H2BC26/H2BC11/H4C5/H3C2/H2BC17/H3C6/H2BC6/H2BC10/H4C9/H2BC9/H2BC14/H3C1",16
"R-HSA-5625740","RHO GTPases activate PKNs","17/177","93/11230",0.182795698924731,11.5977158131341,12.9863386180187,6.42705010176414e-14,2.51458335231522e-12,1.86469019399867e-12,"H3C8/H2BC7/H3C10/H2BC15/H2BC26/H2BC11/H4C5/H3C2/KLK3/H2BC17/H3C6/H2BC6/H2BC10/H4C9/H2BC9/H2BC14/H3C1",17
"R-HSA-912446","Meiotic recombination","16/177","87/11230",0.183908045977011,11.668290148711,12.6406809224314,3.28272928599662e-13,1.20881678413758e-11,8.9639852329691e-12,"H3C8/H2BC7/H3C10/H2BC15/H2BC26/H2BC11/H4C5/H3C2/H2BC17/H3C6/H2BC6/H2BC10/H4C9/H2BC9/H2BC14/H3C1",16
"R-HSA-9616222","Transcriptional regulation of granulopoiesis","16/177","89/11230",0.179775280898876,11.4060813813242,12.472032195906,4.75999762430918e-13,1.65542139600975e-11,1.22757833469026e-11,"H3C8/H2BC7/H3C10/H2BC15/H2BC26/H2BC11/H4C5/H3C2/H2BC17/H3C6/H2BC6/H2BC10/H4C9/H2BC9/H2BC14/H3C1",16
"R-HSA-5250924","B-WICH complex positively regulates rRNA expression","16/177","90/11230",0.177777777777778,11.2793471437539,12.3897139961906,5.71076674920735e-13,1.7874699925019e-11,1.32549901915813e-11,"H3C8/H2BC7/H3C10/H2BC15/H2BC26/H2BC11/H4C5/H3C2/H2BC17/H3C6/H2BC6/H2BC10/H4C9/H2BC9/H2BC14/H3C1",16
"R-HSA-73772","RNA Polymerase I Promoter Escape","16/177","90/11230",0.177777777777778,11.2793471437539,12.3897139961906,5.71076674920735e-13,1.7874699925019e-11,1.32549901915813e-11,"H3C8/H2BC7/H3C10/H2BC15/H2BC26/H2BC11/H4C5/H3C2/H2BC17/H3C6/H2BC6/H2BC10/H4C9/H2BC9/H2BC14/H3C1",16
"R-HSA-3214847","HATs acetylate histones","19/177","141/11230",0.134751773049645,8.54950514885603,11.4156051658674,6.43093945136888e-13,1.91703242693187e-11,1.42157608924996e-11,"H3C8/H2BC7/H2AC16/H3C10/H2BC15/H2BC26/H2BC11/H4C5/H3C2/H2BC17/H3C6/H2BC6/H2BC10/H4C9/H2BC9/H2AC13/H2BC14/H3C1/H2AC15",19
"R-HSA-201722","Formation of the beta-catenin:TCF transactivating complex","16/177","92/11230",0.173913043478261,11.0341439449767,12.228909271448,8.16210224348859e-13,2.18269937605293e-11,1.61858151141642e-11,"H3C8/H2BC7/H3C10/H2BC15/H2BC26/H2BC11/H4C5/H3C2/H2BC17/H3C6/H2BC6/H2BC10/H4C9/H2BC9/H2BC14/H3C1",16
"R-HSA-9609646","HCMV Infection","20/177","162/11230",0.123456790123457,7.83287996094022,11.0852071263563,8.255637848543e-13,2.18269937605293e-11,1.61858151141642e-11,"H3C8/H2BC7/H2AC16/TUBB3/H3C10/H2BC15/H2BC26/H2BC11/H4C5/H3C2/H2BC17/H3C6/H2BC6/H2BC10/H4C9/H2BC9/H2AC13/H2BC14/H3C1/H2AC15",20
"R-HSA-211000","Gene Silencing by RNA","17/177","108/11230",0.157407407407407,9.98692195019879,11.8754066850907,8.36817652160868e-13,2.18269937605293e-11,1.61858151141642e-11,"H3C8/H2BC7/H3C10/H2BC15/H2BC26/H2BC11/H4C5/H3C2/TDRD12/H2BC17/H3C6/H2BC6/H2BC10/H4C9/H2BC9/H2BC14/H3C1",17
"R-HSA-9764725","Negative Regulation of CDH1 Gene Transcription","16/177","93/11230",0.172043010752688,10.9154972358909,12.1503545614729,9.72457439586506e-13,2.3548150101371e-11,1.74621392209595e-11,"H3C8/H2BC7/H3C10/H2BC15/H2BC26/H2BC11/H4C5/H3C2/H2BC17/H3C6/H2BC6/H2BC10/H4C9/H2BC9/H2BC14/H3C1",16
"R-HSA-977225","Amyloid fiber formation","17/177","109/11230",0.155963302752294,9.895298813041,11.8091587072828,9.78038183124034e-13,2.3548150101371e-11,1.74621392209595e-11,"H3C8/H2BC7/H3C10/H2BC15/H2BC26/H2BC11/H4C5/H3C2/H2BC17/H3C6/H2BC6/H2BC10/H4C9/H2BC9/H2BC14/FGA/H3C1",17
"R-HSA-8936459","RUNX1 regulates genes involved in megakaryocyte differentiation and platelet function","16/177","94/11230",0.170212765957447,10.7993749248708,12.0729882756884,1.15605906019938e-12,2.68034433957337e-11,1.987610314027e-11,"H3C8/H2BC7/H3C10/H2BC15/H2BC26/H2BC11/H4C5/H3C2/H2BC17/H3C6/H2BC6/H2BC10/H4C9/H2BC9/H2BC14/H3C1",16
"R-HSA-1912408","Pre-NOTCH Transcription and Translation","16/177","96/11230",0.166666666666667,10.5743879472693,11.9216980499598,1.62334031662297e-12,3.62932513644993e-11,2.69132736703282e-11,"H3C8/H2BC7/H3C10/H2BC15/H2BC26/H2BC11/H4C5/H3C2/H2BC17/H3C6/H2BC6/H2BC10/H4C9/H2BC9/H2BC14/H3C1",16
"R-HSA-9845323","Regulation of endogenous retroelements by Piwi-interacting RNAs (piRNAs)","16/177","97/11230",0.164948453608247,10.4653736385346,11.8477154148244,1.9176613559533e-12,4.13950347871299e-11,3.06965030118115e-11,"H3C8/H2BC7/H3C10/H2BC15/H2BC26/H2BC11/H4C5/H3C2/H2BC17/H3C6/H2BC6/H2BC10/H4C9/H2BC9/H2BC14/H3C1",16
"R-HSA-9645723","Diseases of programmed cell death","16/177","100/11230",0.16,10.1514124293785,11.6320868242108,3.12383266223308e-12,6.3081266017997e-11,4.67779356212152e-11,"H3C8/H2BC7/H3C10/H2BC15/H2BC26/H2BC11/H4C5/H3C2/H2BC17/H3C6/H2BC6/H2BC10/H4C9/H2BC9/H2BC14/H3C1",16
"R-HSA-9909649","Regulation of PD-L1(CD274) transcription","16/177","100/11230",0.16,10.1514124293785,11.6320868242108,3.12383266223308e-12,6.3081266017997e-11,4.67779356212152e-11,"H3C8/H2BC7/H3C10/H2BC15/H2BC26/H2BC11/H4C5/H3C2/H2BC17/H3C6/H2BC6/H2BC10/H4C9/H2BC9/H2BC14/H3C1",16
"R-HSA-9816359","Maternal to zygotic transition (MZT)","17/177","120/11230",0.141666666666667,8.98822975517891,11.1327185604984,4.89962310218191e-12,9.49061817421602e-11,7.0377713382029e-11,"H3C8/H2BC7/H3C10/H2BC15/H2BC26/H2BC11/H4C5/PABPN1L/H3C2/H2BC17/H3C6/H2BC6/H2BC10/H4C9/H2BC9/H2BC14/H3C1",17
"R-HSA-9764560","Regulation of CDH1 Gene Transcription","16/177","103/11230",0.155339805825243,9.8557402226976,11.4254029516503,5.0030415295388e-12,9.49061817421602e-11,7.0377713382029e-11,"H3C8/H2BC7/H3C10/H2BC15/H2BC26/H2BC11/H4C5/H3C2/H2BC17/H3C6/H2BC6/H2BC10/H4C9/H2BC9/H2BC14/H3C1",16
"R-HSA-5617472","Activation of anterior HOX genes in hindbrain development during early embryogenesis","17/177","122/11230",0.139344262295082,8.84088172640548,11.0190453841224,6.44544016017742e-12,1.15281301150602e-10,8.54868905455111e-11,"H3C8/H2BC7/H3C10/H2BC15/H2BC26/H2BC11/H4C5/H3C2/NCOA3/H2BC17/H3C6/H2BC6/H2BC10/H4C9/H2BC9/H2BC14/H3C1",17
"R-HSA-5619507","Activation of HOX genes during differentiation","17/177","122/11230",0.139344262295082,8.84088172640548,11.0190453841224,6.44544016017742e-12,1.15281301150602e-10,8.54868905455111e-11,"H3C8/H2BC7/H3C10/H2BC15/H2BC26/H2BC11/H4C5/H3C2/NCOA3/H2BC17/H3C6/H2BC6/H2BC10/H4C9/H2BC9/H2BC14/H3C1",17
"R-HSA-5250913","Positive epigenetic regulation of rRNA expression","16/177","105/11230",0.152380952380952,9.66801183750336,11.292269243073,6.78785656131083e-12,1.1803328353835e-10,8.75276240800608e-11,"H3C8/H2BC7/H3C10/H2BC15/H2BC26/H2BC11/H4C5/H3C2/H2BC17/H3C6/H2BC6/H2BC10/H4C9/H2BC9/H2BC14/H3C1",16
"R-HSA-427413","NoRC negatively regulates rRNA expression","16/177","106/11230",0.150943396226415,9.57680417865899,11.2270336988436,7.88624098170794e-12,1.33426671744572e-10,9.89425966695078e-11,"H3C8/H2BC7/H3C10/H2BC15/H2BC26/H2BC11/H4C5/H3C2/H2BC17/H3C6/H2BC6/H2BC10/H4C9/H2BC9/H2BC14/H3C1",16
"R-HSA-2559580","Oxidative Stress Induced Senescence","17/177","124/11230",0.137096774193548,8.69828685985055,10.9079512218066,8.43443991960222e-12,1.38946299728184e-10,1.03035678796249e-10,"H3C8/H2BC7/CBX2/H3C10/H2BC15/H2BC26/H2BC11/H4C5/H3C2/H2BC17/H3C6/H2BC6/H2BC10/H4C9/H2BC9/H2BC14/H3C1",17
"R-HSA-9843940","Regulation of endogenous retroelements by KRAB-ZFP proteins","16/177","107/11230",0.149532710280374,9.48730133586779,11.1626583086852,9.14716022026768e-12,1.46823648663784e-10,1.08877129747316e-10,"H3C8/H2BC7/H3C10/H2BC15/H2BC26/H2BC11/H4C5/H3C2/H2BC17/H3C6/H2BC6/H2BC10/H4C9/H2BC9/H2BC14/H3C1",16
"R-HSA-5250941","Negative epigenetic regulation of rRNA expression","16/177","109/11230",0.146788990825688,9.31322241227388,11.03640978216,1.22465273401197e-11,1.86983563778413e-10,1.38657729319455e-10,"H3C8/H2BC7/H3C10/H2BC15/H2BC26/H2BC11/H4C5/H3C2/H2BC17/H3C6/H2BC6/H2BC10/H4C9/H2BC9/H2BC14/H3C1",16
"R-HSA-73854","RNA Polymerase I Promoter Clearance","16/177","109/11230",0.146788990825688,9.31322241227388,11.03640978216,1.22465273401197e-11,1.86983563778413e-10,1.38657729319455e-10,"H3C8/H2BC7/H3C10/H2BC15/H2BC26/H2BC11/H4C5/H3C2/H2BC17/H3C6/H2BC6/H2BC10/H4C9/H2BC9/H2BC14/H3C1",16
"R-HSA-2559582","Senescence-Associated Secretory Phenotype (SASP)","16/177","111/11230",0.144144144144144,9.14541660304372,10.9133734018255,1.62938480716467e-11,2.37208113787228e-10,1.75901762536014e-10,"H3C8/H2BC7/H3C10/H2BC15/H2BC26/H2BC11/H4C5/H3C2/H2BC17/H3C6/H2BC6/H2BC10/H4C9/H2BC9/H2BC14/H3C1",16
"R-HSA-73864","RNA Polymerase I Transcription","16/177","111/11230",0.144144144144144,9.14541660304372,10.9133734018255,1.62938480716467e-11,2.37208113787228e-10,1.75901762536014e-10,"H3C8/H2BC7/H3C10/H2BC15/H2BC26/H2BC11/H4C5/H3C2/H2BC17/H3C6/H2BC6/H2BC10/H4C9/H2BC9/H2BC14/H3C1",16
"R-HSA-1912422","Pre-NOTCH Expression and Processing","16/177","112/11230",0.142857142857143,9.0637610976594,10.8530153727269,1.87518208269207e-11,2.66787269037554e-10,1.97836195805551e-10,"H3C8/H2BC7/H3C10/H2BC15/H2BC26/H2BC11/H4C5/H3C2/H2BC17/H3C6/H2BC6/H2BC10/H4C9/H2BC9/H2BC14/H3C1",16
"R-HSA-9818564","Epigenetic regulation of gene expression by MLL3 and MLL4 complexes","17/177","133/11230",0.12781954887218,8.10968098211631,10.4373496020231,2.66315540984992e-11,3.54709635439585e-10,2.63035058397271e-10,"H3C8/H2BC7/H3C10/H2BC15/H2BC26/H2BC11/H4C5/H3C2/NCOA3/H2BC17/H3C6/H2BC6/H2BC10/H4C9/H2BC9/H2BC14/H3C1",17
"R-HSA-9841922","MLL4 and MLL3 complexes regulate expression of PPARG target genes in adipogenesis and hepatic steatosis","17/177","133/11230",0.12781954887218,8.10968098211631,10.4373496020231,2.66315540984992e-11,3.54709635439585e-10,2.63035058397271e-10,"H3C8/H2BC7/H3C10/H2BC15/H2BC26/H2BC11/H4C5/H3C2/NCOA3/H2BC17/H3C6/H2BC6/H2BC10/H4C9/H2BC9/H2BC14/H3C1",17
"R-HSA-9851695","Epigenetic regulation of adipogenesis genes by MLL3 and MLL4 complexes","17/177","133/11230",0.12781954887218,8.10968098211631,10.4373496020231,2.66315540984992e-11,3.54709635439585e-10,2.63035058397271e-10,"H3C8/H2BC7/H3C10/H2BC15/H2BC26/H2BC11/H4C5/H3C2/NCOA3/H2BC17/H3C6/H2BC6/H2BC10/H4C9/H2BC9/H2BC14/H3C1",17
"R-HSA-8939236","RUNX1 regulates transcription of genes involved in differentiation of HSCs","16/177","115/11230",0.139130434782609,8.82731515598133,10.6763817977039,2.83341068652575e-11,3.69523977034399e-10,2.74020638762687e-10,"H3C8/H2BC7/H3C10/H2BC15/H2BC26/H2BC11/H4C5/H3C2/H2BC17/H3C6/H2BC6/H2BC10/H4C9/H2BC9/H2BC14/H3C1",16
"R-HSA-9821993","Replacement of protamines by nucleosomes in the male pronucleus","11/177","42/11230",0.261904761904762,16.6168953457089,12.8309911487063,3.05947235194396e-11,3.90863202513657e-10,2.89844749131533e-10,"H2BC7/H2BC15/H2BC26/H2BC11/H4C5/H2BC17/H2BC6/H2BC10/H4C9/H2BC9/H2BC14",11
"R-HSA-1500620","Meiosis","16/177","118/11230",0.135593220338983,8.60289188930384,10.5060821264398,4.22795412174344e-11,5.29339856042279e-10,3.92532161618707e-10,"H3C8/H2BC7/H3C10/H2BC15/H2BC26/H2BC11/H4C5/H3C2/H2BC17/H3C6/H2BC6/H2BC10/H4C9/H2BC9/H2BC14/H3C1",16
"R-HSA-9018519","Estrogen-dependent gene expression","17/177","149/11230",0.114093959731544,7.23884275584879,9.70118497880128,1.66395598438418e-10,2.04242440436176e-09,1.51456055544566e-09,"H3C8/H2BC7/H3C10/H2BC15/H2BC26/H2BC11/H4C5/H3C2/NCOA3/H2BC17/H3C6/H2BC6/H2BC10/H4C9/H2BC9/H2BC14/H3C1",17
"R-HSA-68867","Assembly of the pre-replicative complex","16/177","132/11230",0.121212121212121,7.6904639616504,9.78448406202652,2.36222186401582e-10,2.84375170552674e-09,2.10878510532587e-09,"H3C8/H2BC7/H3C10/H2BC15/H2BC26/H2BC11/H4C5/H3C2/H2BC17/H3C6/H2BC6/H2BC10/H4C9/H2BC9/H2BC14/H3C1",16
"R-HSA-171306","Packaging Of Telomere Ends","11/177","51/11230",0.215686274509804,13.6845020494073,11.4887855251417,3.01055136626618e-10,3.55585878355213e-09,2.6368483664814e-09,"H2BC7/H2BC15/H2BC26/H2BC11/H4C5/H2BC17/H2BC6/H2BC10/H4C9/H2BC9/H2BC14",11
"R-HSA-68875","Mitotic Prophase","16/177","140/11230",0.114285714285714,7.25100887812752,9.41814667189999,5.74349026984705e-10,6.65819427578565e-09,4.93738637232465e-09,"H3C8/H2BC7/H3C10/H2BC15/H2BC26/H2BC11/H4C5/H3C2/H2BC17/H3C6/H2BC6/H2BC10/H4C9/H2BC9/H2BC14/H3C1",16
"R-HSA-9842860","Regulation of endogenous retroelements","16/177","142/11230",0.112676056338028,7.14888199252009,9.33105632404671,7.10459198416898e-10,7.72980805413292e-09,5.7320419570752e-09,"H3C8/H2BC7/H3C10/H2BC15/H2BC26/H2BC11/H4C5/H3C2/H2BC17/H3C6/H2BC6/H2BC10/H4C9/H2BC9/H2BC14/H3C1",16
"R-HSA-110330","Recognition and association of DNA glycosylase with site containing an affected purine","11/177","55/11230",0.2,12.6892655367232,10.9966877186218,7.16180298945223e-10,7.72980805413292e-09,5.7320419570752e-09,"H2BC7/H2BC15/H2BC26/H2BC11/H4C5/H2BC17/H2BC6/H2BC10/H4C9/H2BC9/H2BC14",11
"R-HSA-110331","Cleavage of the damaged purine","11/177","55/11230",0.2,12.6892655367232,10.9966877186218,7.16180298945223e-10,7.72980805413292e-09,5.7320419570752e-09,"H2BC7/H2BC15/H2BC26/H2BC11/H4C5/H2BC17/H2BC6/H2BC10/H4C9/H2BC9/H2BC14",11
"R-HSA-73927","Depurination","11/177","55/11230",0.2,12.6892655367232,10.9966877186218,7.16180298945223e-10,7.72980805413292e-09,5.7320419570752e-09,"H2BC7/H2BC15/H2BC26/H2BC11/H4C5/H2BC17/H2BC6/H2BC10/H4C9/H2BC9/H2BC14",11
"R-HSA-9917777","Epigenetic regulation by WDR5-containing histone modifying complexes","17/177","164/11230",0.103658536585366,6.5767534793992,9.10385070530165,7.57707204974354e-10,8.03940186972790e-09,5.96162136295612e-09,"H3C8/H2BC7/H3C10/H2BC15/H2BC26/H2BC11/H4C5/H3C2/NCOA3/H2BC17/H3C6/H2BC6/H2BC10/H4C9/H2BC9/H2BC14/H3C1",17
"R-HSA-9918481","Dengue Virus-Host Interactions","22/177","292/11230",0.0753424657534247,4.78020277068338,8.28237044728513,1.06279743352535e-09,1.10885198897811e-08,8.22269593306453e-09,"H3C8/H2BC7/H2AC16/F2/H3C10/H2BC15/H2BC26/H2BC11/H4C5/H3C2/H2BC17/H3C6/VTN/GPC2/H2BC6/H2BC10/H4C9/H2BC9/H2AC13/H2BC14/H3C1/H2AC15",22
"R-HSA-69002","DNA Replication Pre-Initiation","16/177","149/11230",0.10738255033557,6.81302847609297,9.03905848256069,1.45530035755324e-09,1.49347217021037e-08,1.10748482774975e-08,"H3C8/H2BC7/H3C10/H2BC15/H2BC26/H2BC11/H4C5/H3C2/H2BC17/H3C6/H2BC6/H2BC10/H4C9/H2BC9/H2BC14/H3C1",16
"R-HSA-110328","Recognition and association of DNA glycosylase with site containing an affected pyrimidine","11/177","60/11230",0.183333333333333,11.6318267419962,10.4489828983844,1.91594392008443e-09,1.87403264683259e-08,1.38968958677177e-08,"H2BC7/H2BC15/H2BC26/H2BC11/H4C5/H2BC17/H2BC6/H2BC10/H4C9/H2BC9/H2BC14",11
"R-HSA-110329","Cleavage of the damaged pyrimidine","11/177","60/11230",0.183333333333333,11.6318267419962,10.4489828983844,1.91594392008443e-09,1.87403264683259e-08,1.38968958677177e-08,"H2BC7/H2BC15/H2BC26/H2BC11/H4C5/H2BC17/H2BC6/H2BC10/H4C9/H2BC9/H2BC14",11
"R-HSA-73928","Depyrimidination","11/177","60/11230",0.183333333333333,11.6318267419962,10.4489828983844,1.91594392008443e-09,1.87403264683259e-08,1.38968958677177e-08,"H2BC7/H2BC15/H2BC26/H2BC11/H4C5/H2BC17/H2BC6/H2BC10/H4C9/H2BC9/H2BC14",11
"R-HSA-73929","Base-Excision Repair, AP Site Formation","11/177","62/11230",0.17741935483871,11.2566065245125,10.2477595363702,2.76511925381181e-09,2.66302254290184e-08,1.97476532944293e-08,"H2BC7/H2BC15/H2BC26/H2BC11/H4C5/H2BC17/H2BC6/H2BC10/H4C9/H2BC9/H2BC14",11
"R-HSA-1474165","Reproduction","16/177","156/11230",0.102564102564103,6.50731565985803,8.76530632338502,2.86601178951717e-09,2.71836875793599e-08,2.01580733521064e-08,"H3C8/H2BC7/H3C10/H2BC15/H2BC26/H2BC11/H4C5/H3C2/H2BC17/H3C6/H2BC6/H2BC10/H4C9/H2BC9/H2BC14/H3C1",16
"R-HSA-9670095","Inhibition of DNA recombination at telomere","11/177","67/11230",0.164179104477612,10.4165612614892,9.78264658594144,6.53009848524555e-09,6.10125619666226e-08,4.52438873840265e-08,"H2BC7/H2BC15/H2BC26/H2BC11/H4C5/H2BC17/H2BC6/H2BC10/H4C9/H2BC9/H2BC14",11
"R-HSA-2559583","Cellular Senescence","17/177","189/11230",0.0899470899470899,5.70681254297073,8.25792032496888,6.7558341264823e-09,6.21934141643812e-08,4.61195487581841e-08,"H3C8/H2BC7/CBX2/H3C10/H2BC15/H2BC26/H2BC11/H4C5/H3C2/H2BC17/H3C6/H2BC6/H2BC10/H4C9/H2BC9/H2BC14/H3C1",17
"R-HSA-5693571","Nonhomologous End-Joining (NHEJ)","11/177","68/11230",0.161764705882353,10.2633765370555,9.69549203530822,7.6847480716142e-09,6.97195984468187e-08,5.17005934337431e-08,"H2BC7/H2BC15/H2BC26/H2BC11/H4C5/H2BC17/H2BC6/H2BC10/H4C9/H2BC9/H2BC14",11
"R-HSA-3247509","Chromatin modifying enzymes","20/177","271/11230",0.0738007380073801,4.68238580690892,7.76507328823383,9.18183137149257e-09,8.21118062650621e-08,6.0890039621477e-08,"H3C8/H2BC7/PADI3/H2AC16/H3C10/H2BC15/H2BC26/H2BC11/H4C5/H3C2/H2BC17/H3C6/H2BC6/H2BC10/H4C9/H2BC9/H2AC13/H2BC14/H3C1/H2AC15",20
"R-HSA-8939211","ESR-mediated signaling","18/177","222/11230",0.0810810810810811,5.14429683921209,7.89205713104755,1.23332541124406e-08,1.08741085554758e-07,8.06369913059496e-08,"H3C8/EREG/H2BC7/H3C10/H2BC15/H2BC26/H2BC11/H4C5/H3C2/NCOA3/H2BC17/H3C6/H2BC6/H2BC10/H4C9/H2BC9/H2BC14/H3C1",18
"R-HSA-2559586","DNA Damage/Telomere Stress Induced Senescence","11/177","72/11230",0.152777777777778,9.69318895166353,9.36416975705471,1.43453610212016e-08,1.24724944434336e-07,9.24898276366944e-08,"H2BC7/H2BC15/H2BC26/H2BC11/H4C5/H2BC17/H2BC6/H2BC10/H4C9/H2BC9/H2BC14",11
"R-HSA-606279","Deposition of new CENPA-containing nucleosomes at the centromere","11/177","73/11230",0.150684931506849,9.56040554136677,9.28536846164415,1.66616993973026e-08,1.39954677529424e-07,1.03783441719314e-07,"H2BC7/H2BC15/H2BC26/H2BC11/H4C5/H2BC17/H2BC6/H2BC10/H4C9/H2BC9/H2BC14",11
"R-HSA-774815","Nucleosome assembly","11/177","73/11230",0.150684931506849,9.56040554136677,9.28536846164415,1.66616993973026e-08,1.39954677529424e-07,1.03783441719314e-07,"H2BC7/H2BC15/H2BC26/H2BC11/H4C5/H2BC17/H2BC6/H2BC10/H4C9/H2BC9/H2BC14",11
"R-HSA-9764265","Regulation of CDH1 Expression and Function","17/177","201/11230",0.0845771144278607,5.36610731652472,7.90390034091276,1.70914660512783e-08,1.39954677529424e-07,1.03783441719314e-07,"H3C8/H2BC7/H3C10/H2BC15/H2BC26/H2BC11/H4C5/H3C2/H2BC17/H3C6/H2BC6/H2BC10/H4C9/H2BC9/ACTC1/H2BC14/H3C1",17
"R-HSA-9764274","Regulation of Expression and Function of Type I Classical Cadherins","17/177","201/11230",0.0845771144278607,5.36610731652472,7.90390034091276,1.70914660512783e-08,1.39954677529424e-07,1.03783441719314e-07,"H3C8/H2BC7/H3C10/H2BC15/H2BC26/H2BC11/H4C5/H3C2/H2BC17/H3C6/H2BC6/H2BC10/H4C9/H2BC9/ACTC1/H2BC14/H3C1",17
"R-HSA-9839923","Dengue Virus Infection","24/177","401/11230",0.0598503740648379,3.79728644490469,7.21825199192868,1.7214872475664e-08,1.39954677529424e-07,1.03783441719314e-07,"H3C8/H2BC7/H2AC16/F2/H3C10/H2BC15/H2BC26/H2BC11/H4C5/H3C2/H2BC17/HYOU1/H3C6/VTN/GPC2/H2BC6/H2BC10/H4C9/H2BC9/H2AC13/H2BC14/KPNA7/H3C1/H2AC15",24
"R-HSA-157118","Signaling by NOTCH","18/177","228/11230",0.0789473684210526,5.00892060660125,7.73884498986238,1.87205401880264e-08,1.50244335355186e-07,1.11413741199995e-07,"H3C8/H2BC7/H3C10/H2BC15/H2BC26/H2BC11/H4C5/H3C2/H2BC17/FCER2/H3C6/H2BC6/H2BC10/H4C9/H2BC9/H2BC14/CNTN1/H3C1",18
"R-HSA-157579","Telomere Maintenance","13/177","112/11230",0.116071428571429,7.36430589184827,8.56571875635239,2.08403529005275e-08,1.65140011591522e-07,1.22459635298236e-07,"H2BC7/H2BC15/H2BC26/H2BC11/H4C5/H2BC17/H2BC6/PIF1/H2BC10/H4C9/H2BC9/H2BC14/TEN1",13
"R-HSA-4839726","Chromatin organization","20/177","286/11230",0.0699300699300699,4.43680613172139,7.45018570125703,2.28579009172392e-08,1.78863074677396e-07,1.32635977690822e-07,"H3C8/H2BC7/PADI3/H2AC16/H3C10/H2BC15/H2BC26/H2BC11/H4C5/H3C2/H2BC17/H3C6/H2BC6/H2BC10/H4C9/H2BC9/H2AC13/H2BC14/H3C1/H2AC15",20
"R-HSA-1221632","Meiotic synapsis","11/177","77/11230",0.142857142857143,9.0637610976594,8.98471391510708,2.96242248274804e-08,2.26155667585399e-07,1.67705817059292e-07,"H2BC7/H2BC15/H2BC26/H2BC11/H4C5/H2BC17/H2BC6/H2BC10/H4C9/H2BC9/H2BC14",11
"R-HSA-5693565","Recruitment and ATM-mediated phosphorylation of repair and signaling proteins at DNA double strand breaks","11/177","77/11230",0.142857142857143,9.0637610976594,8.98471391510708,2.96242248274804e-08,2.26155667585399e-07,1.67705817059292e-07,"H2BC7/H2BC15/H2BC26/H2BC11/H4C5/H2BC17/H2BC6/H2BC10/H4C9/H2BC9/H2BC14",11
"R-HSA-69306","DNA Replication","16/177","184/11230",0.0869565217391304,5.51707197248833,7.8177268388389,3.10699416999242e-08,2.34334741013886e-07,1.73771011917141e-07,"H3C8/H2BC7/H3C10/H2BC15/H2BC26/H2BC11/H4C5/H3C2/H2BC17/H3C6/H2BC6/H2BC10/H4C9/H2BC9/H2BC14/H3C1",16
"R-HSA-69473","G2/M DNA damage checkpoint","12/177","96/11230",0.125,7.93079096045198,8.62998214956029,3.19997010443906e-08,2.38473962545101e-07,1.76840453140053e-07,"H2BC7/H2BC15/H2BC26/H2BC11/H4C5/H2BC17/BRIP1/H2BC6/H2BC10/H4C9/H2BC9/H2BC14",12
"R-HSA-5693606","DNA Double Strand Break Response","11/177","78/11230",0.141025641025641,8.9475590323048,8.91295620315801,3.4020780107288e-08,2.5055303937838e-07,1.85797696932681e-07,"H2BC7/H2BC15/H2BC26/H2BC11/H4C5/H2BC17/H2BC6/H2BC10/H4C9/H2BC9/H2BC14",11
"R-HSA-5693607","Processing of DNA double-strand break ends","12/177","97/11230",0.123711340206186,7.84903022890093,8.5728640113261,3.6021777407344e-08,2.62205030895318e-07,1.94438235454574e-07,"H2BC7/H2BC15/H2BC26/H2BC11/H4C5/H2BC17/BRIP1/H2BC6/H2BC10/H4C9/H2BC9/H2BC14",12
"R-HSA-9759476","Regulation of Homotypic Cell-Cell Adhesion","17/177","217/11230",0.0783410138248848,4.97044963420032,7.47366845184262,5.32377196427936e-08,3.83066810303319e-07,2.84063331669352e-07,"H3C8/H2BC7/H3C10/H2BC15/H2BC26/H2BC11/H4C5/H3C2/H2BC17/H3C6/H2BC6/H2BC10/H4C9/H2BC9/ACTC1/H2BC14/H3C1",17
"R-HSA-201681","TCF dependent signaling in response to WNT","17/177","219/11230",0.0776255707762557,4.92505740009803,7.42286868079427,6.09122090065694e-08,4.33307304978551e-07,3.21319188659056e-07,"H3C8/H2BC7/H3C10/H2BC15/H2BC26/H2BC11/H4C5/KREMEN2/H3C2/H2BC17/H3C6/H2BC6/H2BC10/H4C9/H2BC9/H2BC14/H3C1",17
"R-HSA-9909648","Regulation of PD-L1(CD274) expression","16/177","194/11230",0.0824742268041237,5.23268681926728,7.52537669152324,6.54860274214999e-08,4.60609586133246e-07,3.41565205119828e-07,"H3C8/H2BC7/H3C10/H2BC15/H2BC26/H2BC11/H4C5/H3C2/H2BC17/H3C6/H2BC6/H2BC10/H4C9/H2BC9/H2BC14/H3C1",16
"R-HSA-8878171","Transcriptional regulation by RUNX1","17/177","221/11230",0.0769230769230769,4.88048674489352,7.37268186645337,6.9586372113887e-08,4.84011877147703e-07,3.58919182482154e-07,"H3C8/H2BC7/CBX2/H3C10/H2BC15/H2BC26/H2BC11/H4C5/H3C2/H2BC17/H3C6/H2BC6/H2BC10/H4C9/H2BC9/H2BC14/H3C1",17
"R-HSA-73884","Base Excision Repair","11/177","90/11230",0.122222222222222,7.75455116133082,8.14127160909987,1.54498425382906e-07,1.06281334384285e-06,7.88129619362192e-07,"H2BC7/H2BC15/H2BC26/H2BC11/H4C5/H2BC17/H2BC6/H2BC10/H4C9/H2BC9/H2BC14",11
"R-HSA-418990","Adherens junctions interactions","17/177","240/11230",0.0708333333333333,4.49411487758945,6.9240635160744,2.29556059797342e-07,1.56197927644713e-06,1.15828629714677e-06,"H3C8/H2BC7/H3C10/H2BC15/H2BC26/H2BC11/H4C5/H3C2/H2BC17/H3C6/H2BC6/H2BC10/H4C9/H2BC9/ACTC1/H2BC14/H3C1",17
"R-HSA-389948","Co-inhibition by PD-1","16/177","214/11230",0.0747663551401869,4.74365066793389,6.99692677130655,2.54444564667651e-07,1.71271287615e-06,1.27006285250067e-06,"H3C8/H2BC7/H3C10/H2BC15/H2BC26/H2BC11/H4C5/H3C2/H2BC17/H3C6/H2BC6/H2BC10/H4C9/H2BC9/H2BC14/H3C1",16
"R-HSA-421270","Cell-cell junction organization","18/177","272/11230",0.0661764705882353,4.19865403788634,6.75776621027077,2.75648944782133e-07,1.83570467482569e-06,1.36126746527347e-06,"H3C8/H2BC7/H3C10/H2BC15/H2BC26/H2BC11/H4C5/H3C2/H2BC17/H3C6/H2BC6/H2BC10/H4C9/H2BC9/ACTC1/H2BC14/CLDN8/H3C1",18
"R-HSA-5693538","Homology Directed Repair","13/177","140/11230",0.0928571428571429,5.89144471347861,7.36974537185925,3.00126398602029e-07,1.9570742242174e-06,1.45126909850323e-06,"H2BC7/H2BC15/H2BC26/H2BC11/H4C5/H2BC17/BRIP1/H2BC6/H2BC10/H4C9/H2BC9/H2BC14/POLQ",13
"R-HSA-73886","Chromosome Maintenance","13/177","140/11230",0.0928571428571429,5.89144471347861,7.36974537185925,3.00126398602029e-07,1.9570742242174e-06,1.45126909850323e-06,"H2BC7/H2BC15/H2BC26/H2BC11/H4C5/H2BC17/H2BC6/PIF1/H2BC10/H4C9/H2BC9/H2BC14/TEN1",13
"R-HSA-3214858","RMTs methylate histone arginines","10/177","78/11230",0.128205128205128,8.13414457482254,8.00073555716019,3.65778739926697e-07,2.36059269272281e-06,1.75049836470617e-06,"H3C8/H2AC16/H3C10/H4C5/H3C2/H3C6/H4C9/H2AC13/H3C1/H2AC15",10
"R-HSA-9006931","Signaling by Nuclear Receptors","18/177","296/11230",0.0608108108108108,3.85822262940907,6.30622501866274,9.54107920589924e-07,6.09460773764584e-06,4.51945857121543e-06,"H3C8/EREG/H2BC7/H3C10/H2BC15/H2BC26/H2BC11/H4C5/H3C2/NCOA3/H2BC17/H3C6/H2BC6/H2BC10/H4C9/H2BC9/H2BC14/H3C1",18
"R-HSA-446728","Cell junction organization","18/177","298/11230",0.0604026845637584,3.8323285178023,6.27074347267236,1.05180307485721e-06,6.65079520061224e-06,4.93189958545485e-06,"H3C8/H2BC7/H3C10/H2BC15/H2BC26/H2BC11/H4C5/H3C2/H2BC17/H3C6/H2BC6/H2BC10/H4C9/H2BC9/ACTC1/H2BC14/CLDN8/H3C1",18
"R-HSA-5693567","HDR through Homologous Recombination (HRR) or Single Strand Annealing (SSA)","12/177","134/11230",0.0895522388059701,5.681760688085,6.89914821220824,1.28442790645688e-06,8.04051869442004e-06,5.96244954471034e-06,"H2BC7/H2BC15/H2BC26/H2BC11/H4C5/H2BC17/BRIP1/H2BC6/H2BC10/H4C9/H2BC9/H2BC14",12
"R-HSA-195721","Signaling by WNT","18/177","318/11230",0.0566037735849057,3.59130156699712,5.93193560845017,2.66403321429971e-06,1.65117306153626e-05,1.22442798072556e-05,"H3C8/H2BC7/H3C10/H2BC15/H2BC26/H2BC11/H4C5/KREMEN2/H3C2/H2BC17/H3C6/H2BC6/H2BC10/H4C9/H2BC9/H2BC14/H3C1/WNT11",18
"R-HSA-5693532","DNA Double-Strand Break Repair","13/177","170/11230",0.0764705882352941,4.85177799933533,6.4036153135017,2.75738008533734e-06,1.69227444453056e-05,1.25490672614424e-05,"H2BC7/H2BC15/H2BC26/H2BC11/H4C5/H2BC17/BRIP1/H2BC6/H2BC10/H4C9/H2BC9/H2BC14/POLQ",13
"R-HSA-8866654","E3 ubiquitin ligases ubiquitinate target proteins","8/177","58/11230",0.137931034482759,8.75121761153322,7.48920212770215,3.18248294119435e-06,1.93420807882298e-05,1.43431270011927e-05,"H2BC7/H2BC15/H2BC11/H2BC17/H2BC6/H2BC10/H2BC9/H2BC14",8
"R-HSA-195258","RHO GTPase Effectors","18/177","325/11230",0.0553846153846154,3.51395045632334,5.8197274900272,3.62109120224967e-06,2.17961835827721e-05,1.61629678157096e-05,"H3C8/H2BC7/TUBB3/H3C10/H2BC15/H2BC26/H2BC11/H4C5/H3C2/KLK3/H2BC17/H3C6/H2BC6/H2BC10/H4C9/H2BC9/H2BC14/H3C1",18
"R-HSA-388841","Regulation of T cell activation by CD28 family","16/177","265/11230",0.060377358490566,3.8307216714636,5.9010986899774,4.33299588226402e-06,2.58329087837836e-05,1.91564028479041e-05,"H3C8/H2BC7/H3C10/H2BC15/H2BC26/H2BC11/H4C5/H3C2/H2BC17/H3C6/H2BC6/H2BC10/H4C9/H2BC9/H2BC14/H3C1",16
"R-HSA-9749641","Aspirin ADME","7/177","44/11230",0.159090909090909,10.0937339496662,7.64800677476976,5.0277740150288e-06,2.96923257868682e-05,2.20183549218242e-05,"ALB/UGT3A2/SLC22A7/GLYATL2/GLYATL1/ABCC3/UGT2B7",7
"R-HSA-1500931","Cell-Cell communication","18/177","334/11230",0.0538922155688623,3.4192631685781,5.67988952786095,5.30411976682904e-06,3.10315791965886e-05,2.30114787719784e-05,"H3C8/H2BC7/H3C10/H2BC15/H2BC26/H2BC11/H4C5/H3C2/H2BC17/H3C6/H2BC6/H2BC10/H4C9/H2BC9/ACTC1/H2BC14/CLDN8/H3C1",18
"R-HSA-69481","G2/M Checkpoints","12/177","156/11230",0.0769230769230769,4.88048674489352,6.1760859742882,6.34462668964964e-06,3.67753361825988e-05,2.72707638414765e-05,"H2BC7/H2BC15/H2BC26/H2BC11/H4C5/H2BC17/BRIP1/H2BC6/H2BC10/H4C9/H2BC9/H2BC14",12
"R-HSA-212165","Epigenetic regulation of gene expression","17/177","319/11230",0.0532915360501567,3.38115225900147,5.45968164043607,1.13709030192455e-05,6.53044522022726e-05,4.84265401399062e-05,"H3C8/H2BC7/H3C10/H2BC15/H2BC26/H2BC11/H4C5/H3C2/NCOA3/H2BC17/H3C6/H2BC6/H2BC10/H4C9/H2BC9/H2BC14/H3C1",17
"R-HSA-3214842","HDMs demethylate histones","7/177","50/11230",0.14,8.88248587570621,7.06877878383773,1.21024924219301e-05,6.88741841466205e-05,5.10736761537912e-05,"H3C8/H3C10/H4C5/H3C2/H3C6/H4C9/H3C1",7
"R-HSA-1266695","Interleukin-7 signaling","6/177","36/11230",0.166666666666667,10.5743879472693,7.2809275403942,1.85243961140956e-05,0.00010447091862544,7.74704474757341e-05,"H3C8/H3C10/STAT5A/H3C2/H3C6/H3C1",6
"R-HSA-140875","Common Pathway of Fibrin Clot Formation","5/177","22/11230",0.227272727272727,14.4196199280945,7.97268460955575,1.94747076303037e-05,0.000108849705147947,8.07175382045481e-05,"F2/FGG/SERPINC1/FGA/FGB",5
"R-HSA-8852135","Protein ubiquitination","8/177","78/11230",0.102564102564103,6.50731565985803,6.17629426516456,2.97809234226773e-05,0.000164981044801735,0.000122341753417799,"H2BC7/H2BC15/H2BC11/H2BC17/H2BC6/H2BC10/H2BC9/H2BC14",8
"R-HSA-9748784","Drug ADME","9/177","109/11230",0.0825688073394495,5.23868760690406,5.62716730630102,5.40188955775324e-05,0.000296630075715222,0.000219966139886351,"ALB/UGT3A2/SLCO1B1/SLC22A7/GSTA2/GLYATL2/GLYATL1/ABCC3/UGT2B7",9
"R-HSA-5689880","Ub-specific processing proteases","12/177","203/11230",0.0591133004926108,3.75052183351424,5.00439426204067,8.73013334647385e-05,0.000475222910860229,0.000352401721354231,"H2BC7/H2AC16/H2BC15/H2BC26/H2BC11/H2BC17/H2BC6/H2BC10/H2BC9/H2AC13/H2BC14/H2AC15",12
"R-HSA-3214841","PKMTs methylate histone lysines","7/177","70/11230",0.1,6.34463276836158,5.67612409662428,0.00011146511641767,0.000601527266185015,0.000446062761707738,"H3C8/H3C10/H4C5/H3C2/H3C6/H4C9/H3C1",7
"R-HSA-68886","M Phase","17/177","405/11230",0.0419753086419753,2.66317918671968,4.31389618723218,0.000222325025842385,0.00118953389895156,0.00088209929281594,"H3C8/H2BC7/TUBB3/H3C10/H2BC15/H2BC26/H2BC11/H4C5/H3C2/H2BC17/H3C6/H2BC6/H2BC10/H4C9/H2BC9/H2BC14/H3C1",17
"R-HSA-140877","Formation of Fibrin Clot (Clotting Cascade)","5/177","39/11230",0.128205128205128,8.13414457482254,5.64750794914058,0.000342803562611408,0.00181860195080289,0.00134858493409127,"F2/FGG/SERPINC1/FGA/FGB",5
"R-HSA-5686938","Regulation of TLR by endogenous ligand","4/177","22/11230",0.181818181818182,11.5356959424756,6.25932637001749,0.000349464293641325,0.00183835838503756,0.00136323532504046,"GSDMD/FGG/FGA/FGB",4
"R-HSA-8854691","Interleukin-20 family signaling","4/177","25/11230",0.16,10.1514124293785,5.79654606118359,0.000582450211663661,0.00303844860417876,0.00225316266090943,"IL19/IL20RB/STAT5A/IL24",4
"R-HSA-381426","Regulation of Insulin-like Growth Factor (IGF) transport and uptake by Insulin-like Growth Factor Binding Proteins (IGFBPs)","8/177","125/11230",0.064,4.06056497175141,4.35426059820592,0.000798196428356668,0.00412951210042376,0.00306224119099861,"ALB/F2/VGF/KLK3/IGFALS/FGG/SERPINC1/FGA",8
"R-HSA-977606","Regulation of Complement cascade","5/177","47/11230",0.106382978723404,6.74960932804424,4.99833306481279,0.000825074351179292,0.00423357822818227,0.00313941146566064,"C7/F2/VTN/CPB2/CD19",5
"R-HSA-354194","GRB2:SOS provides linkage to MAPK signaling for Integrins","3/177","15/11230",0.2,12.6892655367232,5.73258237325442,0.00152343043173366,0.00769086653439737,0.00570316485903689,"FGG/FGA/FGB",3
"R-HSA-372708","p130Cas linkage to MAPK signaling for integrins","3/177","15/11230",0.2,12.6892655367232,5.73258237325442,0.00152343043173366,0.00769086653439737,0.00570316485903689,"FGG/FGA/FGB",3
"R-HSA-5688426","Deubiquitination","12/177","279/11230",0.043010752688172,2.72887430897272,3.70046006738034,0.00154594387260816,0.00774208691402168,0.00574114735006484,"H2BC7/H2AC16/H2BC15/H2BC26/H2BC11/H2BC17/H2BC6/H2BC10/H2BC9/H2AC13/H2BC14/H2AC15",12
"R-HSA-166658","Complement cascade","5/177","58/11230",0.0862068965517241,5.46951100720826,4.31842750681737,0.00214429743893146,0.0106534142600881,0.00790004319606329,"C7/F2/VTN/CPB2/CD19",5
"R-HSA-5602498","MyD88 deficiency (TLR2/4)","3/177","17/11230",0.176470588235294,11.1964107676969,5.32387636764904,0.00222462838464474,0.0109654910928158,0.00813146388419668,"FGG/FGA/FGB",3
"R-HSA-69620","Cell Cycle Checkpoints","12/177","292/11230",0.0410958904109589,2.60738332946366,3.52175398860996,0.00226278847878157,0.0110664499040411,0.00820632992716013,"H2BC7/H2BC15/H2BC26/H2BC11/H4C5/H2BC17/BRIP1/H2BC6/H2BC10/H4C9/H2BC9/H2BC14",12
"R-HSA-73894","DNA Repair","13/177","334/11230",0.0389221556886228,2.46946784397307,3.4499822619201,0.00241683194618011,0.0117281922349515,0.00869704519188437,"H2BC7/H2BC15/H2BC26/H2BC11/H4C5/H2BC17/BRIP1/H2BC6/H2BC10/H4C9/H2BC9/H2BC14/POLQ",13
"R-HSA-159418","Recycling of bile acids and salts","3/177","18/11230",0.166666666666667,10.5743879472693,5.14425890329211,0.00263884008593604,0.0126100297236333,0.00935097210042421,"ALB/SLCO1B1/ABCC3",3
"R-HSA-5603041","IRAK4 deficiency (TLR2/4)","3/177","18/11230",0.166666666666667,10.5743879472693,5.14425890329211,0.00263884008593604,0.0126100297236333,0.00935097210042421,"FGG/FGA/FGB",3
"R-HSA-76009","Platelet Aggregation (Plug Formation)","4/177","39/11230",0.102564102564103,6.50731565985803,4.3596830203358,0.00319051546694524,0.0151307778962706,0.0112202338191615,"F2/FGG/FGA/FGB",4
"R-HSA-2173782","Binding and Uptake of Ligands by Scavenger Receptors","4/177","46/11230",0.0869565217391304,5.51707197248833,3.88467272329621,0.00581264440832572,0.027358762403097,0.0202879001509429,"ALB/COLEC12/HYOU1/HP",4
"R-HSA-354192","Integrin signaling","3/177","27/11230",0.111111111111111,7.0495919648462,3.98251927446922,0.00852689057163225,0.0398345783421029,0.0295393459708549,"FGG/FGA/FGB",3
"R-HSA-9757110","Prednisone ADME","2/177","10/11230",0.2,12.6892655367232,4.67959086943914,0.0102293413846813,0.047433834865263,0.0351745773929393,"ALB/UGT2B7",2
"R-HSA-216083","Integrin cell surface interactions","5/177","84/11230",0.0595238095238095,3.77656712402475,3.23225331725715,0.0104192535899464,0.0479592113772534,0.0355641705353435,"IBSP/VTN/FGG/FGA/FGB",5
